date,homeTeam,awayTeam,homeScore,awayScore,elo_home_before,elo_away_before,expected_home,expected_away,result_home,result_away,G,elo_home_after,elo_away_after
29/08/2026,K. SV Veurne A,Club Roeselare,1,1,1500.0,1500.0,0.5,0.5,0.5,0.5,1.0,1500.0,1500.0
29/08/2026,K. FC Heist A,KFC Aalbeke Sport A,0,0,1500.0,1500.0,0.5,0.5,0.5,0.5,1.0,1500.0,1500.0
29/08/2026,K. FC Varsenare A,K. Sassp. Boezinge A,2,0,1500.0,1500.0,0.5,0.5,1.0,0.0,1.625,1524.38,1475.62
29/08/2026,S.V. Wevelgem City A,FC Sp. Heestert A,3,0,1500.0,1500.0,0.5,0.5,1.0,0.0,1.75,1526.25,1473.75
30/08/2026,K.S.C. Wielsbeke,SV Ingelmunster A,3,1,1500.0,1500.0,0.5,0.5,1.0,0.0,1.625,1524.38,1475.62
30/08/2026,K. FC Marke A,K. RC Bissegem,1,3,1500.0,1500.0,0.5,0.5,0.0,1.0,1.625,1475.62,1524.38
30/08/2026,K. VC Ardooie A,K. Eendr. Wervik A,4,0,1500.0,1500.0,0.5,0.5,1.0,0.0,1.875,1528.12,1471.88
30/08/2026,K. SK Beveren-Leie A,K.R.C. Waregem A,0,1,1500.0,1500.0,0.5,0.5,0.0,1.0,1.0,1485.0,1515.0
05/09/2026,FC Sp. Heestert A,K. VC Ardooie A,0,1,1473.75,1528.12,0.4224,0.5776,0.0,1.0,1.0,1461.08,1540.8
05/09/2026,K. RC Bissegem,K.S.C. Wielsbeke,0,2,1524.38,1524.38,0.5,0.5,0.0,1.0,1.625,1500.0,1548.75
05/09/2026,SV Ingelmunster A,K. FC Marke A,1,2,1475.62,1475.62,0.5,0.5,0.0,1.0,1.0,1460.62,1490.62
05/09/2026,KFC Aalbeke Sport A,K. SK Beveren-Leie A,6,4,1500.0,1485.0,0.5216,0.4784,1.0,0.0,1.625,1523.32,1461.68
05/09/2026,K. Sassp. Boezinge A,K. SV Veurne A,2,2,1475.62,1500.0,0.465,0.535,0.5,0.5,1.0,1476.68,1498.95
05/09/2026,K. Eendr. Wervik A,K. FC Varsenare A,1,2,1471.88,1524.38,0.425,0.575,0.0,1.0,1.0,1459.12,1537.13
06/09/2026,K.R.C. Waregem A,K. FC Heist A,4,1,1515.0,1500.0,0.5216,0.4784,1.0,0.0,1.75,1540.12,1474.88
06/09/2026,Club Roeselare,S.V. Wevelgem City A,1,3,1500.0,1526.25,0.4623,0.5377,0.0,1.0,1.625,1477.46,1548.79
12/09/2026,K. Eendr. Wervik A,SV Ingelmunster A,0,4,1459.12,1460.62,0.4978,0.5022,0.0,1.0,1.875,1431.12,1488.63
12/09/2026,K. Sassp. Boezinge A,K. SK Beveren-Leie A,4,0,1476.68,1461.68,0.5216,0.4784,1.0,0.0,1.875,1503.59,1434.77
12/09/2026,K. SV Veurne A,K.R.C. Waregem A,2,0,1498.95,1540.12,0.441,0.559,1.0,0.0,1.625,1526.2,1512.87
12/09/2026,K. FC Varsenare A,K. FC Heist A,1,3,1537.13,1474.88,0.5886,0.4114,0.0,1.0,1.625,1508.43,1503.58
12/09/2026,S.V. Wevelgem City A,KFC Aalbeke Sport A,0,0,1548.79,1523.32,0.5366,0.4634,0.5,0.5,1.0,1547.69,1524.42
13/09/2026,K.S.C. Wielsbeke,K. FC Marke A,3,0,1548.75,1490.62,0.5829,0.4171,1.0,0.0,1.75,1570.65,1468.73
13/09/2026,K. VC Ardooie A,K. RC Bissegem,0,1,1540.8,1500.0,0.5584,0.4416,0.0,1.0,1.0,1524.04,1516.75
13/09/2026,Club Roeselare,FC Sp. Heestert A,2,0,1477.46,1461.08,0.5236,0.4764,1.0,0.0,1.625,1500.69,1437.85
19/09/2026,FC Sp. Heestert A,K. SV Veurne A,1,5,1437.85,1526.2,0.3755,0.6245,0.0,1.0,1.875,1416.73,1547.32
19/09/2026,K. RC Bissegem,K. Eendr. Wervik A,2,1,1516.75,1431.12,0.6208,0.3792,1.0,0.0,1.0,1528.13,1419.74
19/09/2026,K. SK Beveren-Leie A,S.V. Wevelgem City A,1,5,1434.77,1547.69,0.343,0.657,0.0,1.0,1.875,1415.47,1566.98
19/09/2026,KFC Aalbeke Sport A,K. FC Varsenare A,2,1,1524.42,1508.43,0.523,0.477,1.0,0.0,1.0,1538.73,1494.12
19/09/2026,SV Ingelmunster A,K. VC Ardooie A,1,2,1488.63,1524.04,0.4492,0.5508,0.0,1.0,1.0,1475.15,1537.52
20/09/2026,K. FC Heist A,K.S.C. Wielsbeke,1,2,1503.58,1570.65,0.4047,0.5953,0.0,1.0,1.0,1491.44,1582.79
20/09/2026,K. FC Marke A,K. Sassp. Boezinge A,1,1,1468.73,1503.59,0.45,0.55,0.5,0.5,1.0,1470.23,1502.09
20/09/2026,K.R.C. Waregem A,Club Roeselare,2,0,1512.87,1500.69,0.5175,0.4825,1.0,0.0,1.625,1536.39,1477.17
26/09/2026,K. Sassp. Boezinge A,K. RC Bissegem,0,1,1502.09,1528.13,0.4626,0.5374,0.0,1.0,1.0,1488.21,1542.01
26/09/2026,K. Eendr. Wervik A,K.R.C. Waregem A,0,1,1419.74,1536.39,0.3382,0.6618,0.0,1.0,1.0,1409.6,1546.53
26/09/2026,FC Sp. Heestert A,K. FC Marke A,0,4,1416.73,1470.23,0.4236,0.5764,0.0,1.0,1.875,1392.9,1494.05
26/09/2026,K. SV Veurne A,K. SK Beveren-Leie A,7,0,1547.32,1415.47,0.6811,0.3189,1.0,0.0,2.25,1568.85,1393.95
26/09/2026,S.V. Wevelgem City A,SV Ingelmunster A,0,1,1566.98,1475.15,0.6292,0.3708,0.0,1.0,1.0,1548.11,1494.03
26/09/2026,K. FC Varsenare A,K.S.C. Wielsbeke,1,1,1494.12,1582.79,0.3751,0.6249,0.5,0.5,1.0,1497.87,1579.04
27/09/2026,K. VC Ardooie A,K. FC Heist A,4,3,1537.52,1491.44,0.5659,0.4341,1.0,0.0,1.0,1550.54,1478.42
27/09/2026,Club Roeselare,KFC Aalbeke Sport A,1,1,1477.17,1538.73,0.4123,0.5877,0.5,0.5,1.0,1479.8,1536.1
03/10/2026,SV Ingelmunster A,Club Roeselare,,,1494.03,1479.8,0.5205,0.4795,,,0.0,1494.03,1479.8
03/10/2026,K. SK Beveren-Leie A,FC Sp. Heestert A,,,1393.95,1392.9,0.5015,0.4985,,,0.0,1393.95,1392.9
03/10/2026,K. RC Bissegem,K. FC Varsenare A,,,1542.01,1497.87,0.5632,0.4368,,,0.0,1542.01,1497.87
03/10/2026,KFC Aalbeke Sport A,K. Sassp. Boezinge A,,,1536.1,1488.21,0.5685,0.4315,,,0.0,1536.1,1488.21
04/10/2026,K.S.C. Wielsbeke,K. SV Veurne A,,,1579.04,1568.85,0.5147,0.4853,,,0.0,1579.04,1568.85
04/10/2026,K. FC Heist A,K. Eendr. Wervik A,,,1478.42,1409.6,0.5978,0.4022,,,0.0,1478.42,1409.6
04/10/2026,K.R.C. Waregem A,S.V. Wevelgem City A,,,1546.53,1548.11,0.4977,0.5023,,,0.0,1546.53,1548.11
04/10/2026,K. FC Marke A,K. VC Ardooie A,,,1494.05,1550.54,0.4194,0.5806,,,0.0,1494.05,1550.54
10/10/2026,K. Sassp. Boezinge A,K.R.C. Waregem A,,,1488.21,1546.53,0.4168,0.5832,,,0.0,1488.21,1546.53
10/10/2026,K. Eendr. Wervik A,K. SK Beveren-Leie A,,,1409.6,1393.95,0.5225,0.4775,,,0.0,1409.6,1393.95
10/10/2026,SV Ingelmunster A,K. FC Heist A,,,1494.03,1478.42,0.5225,0.4775,,,0.0,1494.03,1478.42
10/10/2026,FC Sp. Heestert A,KFC Aalbeke Sport A,,,1392.9,1536.1,0.3048,0.6952,,,0.0,1392.9,1536.1
10/10/2026,S.V. Wevelgem City A,K. SV Veurne A,,,1548.11,1568.85,0.4702,0.5298,,,0.0,1548.11,1568.85
10/10/2026,K. FC Varsenare A,K. FC Marke A,,,1497.87,1494.05,0.5055,0.4945,,,0.0,1497.87,1494.05
11/10/2026,Club Roeselare,K. RC Bissegem,,,1479.8,1542.01,0.4114,0.5886,,,0.0,1479.8,1542.01
11/10/2026,K. VC Ardooie A,K.S.C. Wielsbeke,,,1550.54,1579.04,0.4591,0.5409,,,0.0,1550.54,1579.04
17/10/2026,K. SV Veurne A,K. FC Varsenare A,,,1568.85,1497.87,0.6007,0.3993,,,0.0,1568.85,1497.87
17/10/2026,K. RC Bissegem,S.V. Wevelgem City A,,,1542.01,1548.11,0.4912,0.5088,,,0.0,1542.01,1548.11
17/10/2026,KFC Aalbeke Sport A,SV Ingelmunster A,,,1536.1,1494.03,0.5603,0.4397,,,0.0,1536.1,1494.03
18/10/2026,K.R.C. Waregem A,FC Sp. Heestert A,,,1546.53,1392.9,0.7077,0.2923,,,0.0,1546.53,1392.9
18/10/2026,K. FC Heist A,K. Sassp. Boezinge A,,,1478.42,1488.21,0.4859,0.5141,,,0.0,1478.42,1488.21
18/10/2026,K. FC Marke A,Club Roeselare,,,1494.05,1479.8,0.5205,0.4795,,,0.0,1494.05,1479.8
18/10/2026,K. SK Beveren-Leie A,K. VC Ardooie A,,,1393.95,1550.54,0.2888,0.7112,,,0.0,1393.95,1550.54
18/10/2026,K.S.C. Wielsbeke,K. Eendr. Wervik A,,,1579.04,1409.6,0.7262,0.2738,,,0.0,1579.04,1409.6
24/10/2026,K. Eendr. Wervik A,K. FC Marke A,,,1409.6,1494.05,0.3808,0.6192,,,0.0,1409.6,1494.05
24/10/2026,SV Ingelmunster A,K. RC Bissegem,,,1494.03,1542.01,0.4314,0.5686,,,0.0,1494.03,1542.01
24/10/2026,FC Sp. Heestert A,K.S.C. Wielsbeke,,,1392.9,1579.04,0.2551,0.7449,,,0.0,1392.9,1579.04
24/10/2026,KFC Aalbeke Sport A,K.R.C. Waregem A,,,1536.1,1546.53,0.485,0.515,,,0.0,1536.1,1546.53
24/10/2026,S.V. Wevelgem City A,K. Sassp. Boezinge A,,,1548.11,1488.21,0.5854,0.4146,,,0.0,1548.11,1488.21
25/10/2026,K. FC Heist A,K. SV Veurne A,,,1478.42,1568.85,0.3727,0.6273,,,0.0,1478.42,1568.85
25/10/2026,Club Roeselare,K. SK Beveren-Leie A,,,1479.8,1393.95,0.6211,0.3789,,,0.0,1479.8,1393.95
25/10/2026,K. VC Ardooie A,K. FC Varsenare A,,,1550.54,1497.87,0.5752,0.4248,,,0.0,1550.54,1497.87
31/10/2026,K. Sassp. Boezinge A,K. Eendr. Wervik A,,,1488.21,1409.6,0.6112,0.3888,,,0.0,1488.21,1409.6
31/10/2026,K. RC Bissegem,FC Sp. Heestert A,,,1542.01,1392.9,0.7023,0.2977,,,0.0,1542.01,1392.9
31/10/2026,K. SV Veurne A,K. VC Ardooie A,,,1568.85,1550.54,0.5263,0.4737,,,0.0,1568.85,1550.54
31/10/2026,K. FC Varsenare A,S.V. Wevelgem City A,,,1497.87,1548.11,0.4282,0.5718,,,0.0,1497.87,1548.11
01/11/2026,K.S.C. Wielsbeke,Club Roeselare,,,1579.04,1479.8,0.6391,0.3609,,,0.0,1579.04,1479.8
01/11/2026,K. SK Beveren-Leie A,K. FC Heist A,,,1393.95,1478.42,0.3808,0.6192,,,0.0,1393.95,1478.42
01/11/2026,K. FC Marke A,KFC Aalbeke Sport A,,,1494.05,1536.1,0.4398,0.5602,,,0.0,1494.05,1536.1
01/11/2026,K.R.C. Waregem A,SV Ingelmunster A,,,1546.53,1494.03,0.575,0.425,,,0.0,1546.53,1494.03
07/11/2026,KFC Aalbeke Sport A,K. SV Veurne A,,,1536.1,1568.85,0.453,0.547,,,0.0,1536.1,1568.85
07/11/2026,FC Sp. Heestert A,K. Eendr. Wervik A,,,1392.9,1409.6,0.476,0.524,,,0.0,1392.9,1409.6
07/11/2026,SV Ingelmunster A,K. FC Varsenare A,,,1494.03,1497.87,0.4945,0.5055,,,0.0,1494.03,1497.87
07/11/2026,S.V. Wevelgem City A,K. VC Ardooie A,,,1548.11,1550.54,0.4965,0.5035,,,0.0,1548.11,1550.54
08/11/2026,K. SK Beveren-Leie A,K.S.C. Wielsbeke,,,1393.95,1579.04,0.2563,0.7437,,,0.0,1393.95,1579.04
08/11/2026,Club Roeselare,K. Sassp. Boezinge A,,,1479.8,1488.21,0.4879,0.5121,,,0.0,1479.8,1488.21
08/11/2026,K.R.C. Waregem A,K. FC Marke A,,,1546.53,1494.05,0.575,0.425,,,0.0,1546.53,1494.05
08/11/2026,K. FC Heist A,K. RC Bissegem,,,1478.42,1542.01,0.4095,0.5905,,,0.0,1478.42,1542.01
14/11/2026,K. Eendr. Wervik A,S.V. Wevelgem City A,,,1409.6,1548.11,0.3106,0.6894,,,0.0,1409.6,1548.11
14/11/2026,K. Sassp. Boezinge A,FC Sp. Heestert A,,,1488.21,1392.9,0.6338,0.3662,,,0.0,1488.21,1392.9
14/11/2026,K. SV Veurne A,SV Ingelmunster A,,,1568.85,1494.03,0.606,0.394,,,0.0,1568.85,1494.03
14/11/2026,K. RC Bissegem,KFC Aalbeke Sport A,,,1542.01,1536.1,0.5085,0.4915,,,0.0,1542.01,1536.1
14/11/2026,K. FC Varsenare A,K. SK Beveren-Leie A,,,1497.87,1393.95,0.6452,0.3548,,,0.0,1497.87,1393.95
15/11/2026,K.S.C. Wielsbeke,K.R.C. Waregem A,,,1579.04,1546.53,0.5466,0.4534,,,0.0,1579.04,1546.53
15/11/2026,K. FC Marke A,K. FC Heist A,,,1494.05,1478.42,0.5225,0.4775,,,0.0,1494.05,1478.42
15/11/2026,K. VC Ardooie A,Club Roeselare,,,1550.54,1479.8,0.6004,0.3996,,,0.0,1550.54,1479.8
21/11/2026,K. SV Veurne A,K. RC Bissegem,,,1568.85,1542.01,0.5385,0.4615,,,0.0,1568.85,1542.01
21/11/2026,S.V. Wevelgem City A,K. FC Heist A,,,1548.11,1478.42,0.599,0.401,,,0.0,1548.11,1478.42
21/11/2026,K. Sassp. Boezinge A,SV Ingelmunster A,,,1488.21,1494.03,0.4916,0.5084,,,0.0,1488.21,1494.03
21/11/2026,KFC Aalbeke Sport A,K.S.C. Wielsbeke,,,1536.1,1579.04,0.4385,0.5615,,,0.0,1536.1,1579.04
22/11/2026,Club Roeselare,K. Eendr. Wervik A,,,1479.8,1409.6,0.5997,0.4003,,,0.0,1479.8,1409.6
22/11/2026,K. SK Beveren-Leie A,K. FC Marke A,,,1393.95,1494.05,0.3598,0.6402,,,0.0,1393.95,1494.05
22/11/2026,FC Sp. Heestert A,K. FC Varsenare A,,,1392.9,1497.87,0.3534,0.6466,,,0.0,1392.9,1497.87
22/11/2026,K.R.C. Waregem A,K. VC Ardooie A,,,1546.53,1550.54,0.4942,0.5058,,,0.0,1546.53,1550.54
28/11/2026,K. Eendr. Wervik A,KFC Aalbeke Sport A,,,1409.6,1536.1,0.3256,0.6744,,,0.0,1409.6,1536.1
28/11/2026,SV Ingelmunster A,FC Sp. Heestert A,,,1494.03,1392.9,0.6416,0.3584,,,0.0,1494.03,1392.9
28/11/2026,K. RC Bissegem,K. SK Beveren-Leie A,,,1542.01,1393.95,0.701,0.299,,,0.0,1542.01,1393.95
28/11/2026,K. FC Varsenare A,K.R.C. Waregem A,,,1497.87,1546.53,0.4304,0.5696,,,0.0,1497.87,1546.53
29/11/2026,K. FC Marke A,K. SV Veurne A,,,1494.05,1568.85,0.394,0.606,,,0.0,1494.05,1568.85
29/11/2026,K.S.C. Wielsbeke,S.V. Wevelgem City A,,,1579.04,1548.11,0.5444,0.4556,,,0.0,1579.04,1548.11
29/11/2026,K. VC Ardooie A,K. Sassp. Boezinge A,,,1550.54,1488.21,0.5888,0.4112,,,0.0,1550.54,1488.21
29/11/2026,K. FC Heist A,Club Roeselare,,,1478.42,1479.8,0.498,0.502,,,0.0,1478.42,1479.8
05/12/2026,K. SV Veurne A,K. Eendr. Wervik A,,,1568.85,1409.6,0.7144,0.2856,,,0.0,1568.85,1409.6
05/12/2026,S.V. Wevelgem City A,K. FC Marke A,,,1548.11,1494.05,0.5772,0.4228,,,0.0,1548.11,1494.05
05/12/2026,K. Sassp. Boezinge A,K.S.C. Wielsbeke,,,1488.21,1579.04,0.3722,0.6278,,,0.0,1488.21,1579.04
05/12/2026,KFC Aalbeke Sport A,K. VC Ardooie A,,,1536.1,1550.54,0.4792,0.5208,,,0.0,1536.1,1550.54
06/12/2026,K. SK Beveren-Leie A,SV Ingelmunster A,,,1393.95,1494.03,0.3598,0.6402,,,0.0,1393.95,1494.03
06/12/2026,FC Sp. Heestert A,K. FC Heist A,,,1392.9,1478.42,0.3794,0.6206,,,0.0,1392.9,1478.42
06/12/2026,Club Roeselare,K. FC Varsenare A,,,1479.8,1497.87,0.474,0.526,,,0.0,1479.8,1497.87
06/12/2026,K.R.C. Waregem A,K. RC Bissegem,,,1546.53,1542.01,0.5065,0.4935,,,0.0,1546.53,1542.01
12/12/2026,K. Eendr. Wervik A,K. VC Ardooie A,,,1409.6,1550.54,0.3076,0.6924,,,0.0,1409.6,1550.54
12/12/2026,S.V. Wevelgem City A,Club Roeselare,,,1548.11,1479.8,0.5971,0.4029,,,0.0,1548.11,1479.8
12/12/2026,K. FC Varsenare A,K. SV Veurne A,,,1497.87,1568.85,0.3993,0.6007,,,0.0,1497.87,1568.85
13/12/2026,K.S.C. Wielsbeke,K. RC Bissegem,,,1579.04,1542.01,0.5531,0.4469,,,0.0,1579.04,1542.01
13/12/2026,K. FC Marke A,FC Sp. Heestert A,,,1494.05,1392.9,0.6416,0.3584,,,0.0,1494.05,1392.9
13/12/2026,SV Ingelmunster A,KFC Aalbeke Sport A,,,1494.03,1536.1,0.4397,0.5603,,,0.0,1494.03,1536.1
13/12/2026,K.R.C. Waregem A,K. Sassp. Boezinge A,,,1546.53,1488.21,0.5832,0.4168,,,0.0,1546.53,1488.21
13/12/2026,K. FC Heist A,K. SK Beveren-Leie A,,,1478.42,1393.95,0.6192,0.3808,,,0.0,1478.42,1393.95
09/01/2027,K. SK Beveren-Leie A,K. Eendr. Wervik A,,,1393.95,1409.6,0.4775,0.5225,,,0.0,1393.95,1409.6
09/01/2027,K. RC Bissegem,K. FC Heist A,,,1542.01,1478.42,0.5905,0.4095,,,0.0,1542.01,1478.42
09/01/2027,SV Ingelmunster A,K.R.C. Waregem A,,,1494.03,1546.53,0.425,0.575,,,0.0,1494.03,1546.53
09/01/2027,K. Sassp. Boezinge A,K. FC Marke A,,,1488.21,1494.05,0.4916,0.5084,,,0.0,1488.21,1494.05
09/01/2027,KFC Aalbeke Sport A,S.V. Wevelgem City A,,,1536.1,1548.11,0.4827,0.5173,,,0.0,1536.1,1548.11
10/01/2027,K.S.C. Wielsbeke,K. FC Varsenare A,,,1579.04,1497.87,0.6147,0.3853,,,0.0,1579.04,1497.87
10/01/2027,K. VC Ardooie A,FC Sp. Heestert A,,,1550.54,1392.9,0.7125,0.2875,,,0.0,1550.54,1392.9
10/01/2027,Club Roeselare,K. SV Veurne A,,,1479.8,1568.85,0.3746,0.6254,,,0.0,1479.8,1568.85
16/01/2027,K. RC Bissegem,K. Sassp. Boezinge A,,,1542.01,1488.21,0.5768,0.4232,,,0.0,1542.01,1488.21
16/01/2027,K. SV Veurne A,S.V. Wevelgem City A,,,1568.85,1548.11,0.5298,0.4702,,,0.0,1568.85,1548.11
16/01/2027,K. FC Varsenare A,SV Ingelmunster A,,,1497.87,1494.03,0.5055,0.4945,,,0.0,1497.87,1494.03
17/01/2027,FC Sp. Heestert A,Club Roeselare,,,1392.9,1479.8,0.3775,0.6225,,,0.0,1392.9,1479.8
17/01/2027,K. FC Heist A,K. VC Ardooie A,,,1478.42,1550.54,0.3977,0.6023,,,0.0,1478.42,1550.54
17/01/2027,K. FC Marke A,K.S.C. Wielsbeke,,,1494.05,1579.04,0.3801,0.6199,,,0.0,1494.05,1579.04
17/01/2027,K. SK Beveren-Leie A,KFC Aalbeke Sport A,,,1393.95,1536.1,0.3061,0.6939,,,0.0,1393.95,1536.1
17/01/2027,K.R.C. Waregem A,K. Eendr. Wervik A,,,1546.53,1409.6,0.6875,0.3125,,,0.0,1546.53,1409.6
23/01/2027,K. SV Veurne A,K. FC Heist A,,,1568.85,1478.42,0.6273,0.3727,,,0.0,1568.85,1478.42
23/01/2027,K. FC Varsenare A,FC Sp. Heestert A,,,1497.87,1392.9,0.6466,0.3534,,,0.0,1497.87,1392.9
23/01/2027,K. Eendr. Wervik A,Club Roeselare,,,1409.6,1479.8,0.4003,0.5997,,,0.0,1409.6,1479.8
23/01/2027,K. Sassp. Boezinge A,KFC Aalbeke Sport A,,,1488.21,1536.1,0.4315,0.5685,,,0.0,1488.21,1536.1
24/01/2027,S.V. Wevelgem City A,K. RC Bissegem,,,1548.11,1542.01,0.5088,0.4912,,,0.0,1548.11,1542.01
24/01/2027,K. FC Marke A,K.R.C. Waregem A,,,1494.05,1546.53,0.425,0.575,,,0.0,1494.05,1546.53
24/01/2027,K.S.C. Wielsbeke,K. SK Beveren-Leie A,,,1579.04,1393.95,0.7437,0.2563,,,0.0,1579.04,1393.95
24/01/2027,K. VC Ardooie A,SV Ingelmunster A,,,1550.54,1494.03,0.5806,0.4194,,,0.0,1550.54,1494.03
30/01/2027,KFC Aalbeke Sport A,K. Eendr. Wervik A,,,1536.1,1409.6,0.6744,0.3256,,,0.0,1536.1,1409.6
30/01/2027,K. SK Beveren-Leie A,K. SV Veurne A,,,1393.95,1568.85,0.2676,0.7324,,,0.0,1393.95,1568.85
30/01/2027,K. RC Bissegem,K. FC Marke A,,,1542.01,1494.05,0.5686,0.4314,,,0.0,1542.01,1494.05
30/01/2027,SV Ingelmunster A,K. Sassp. Boezinge A,,,1494.03,1488.21,0.5084,0.4916,,,0.0,1494.03,1488.21
31/01/2027,K.R.C. Waregem A,K.S.C. Wielsbeke,,,1546.53,1579.04,0.4534,0.5466,,,0.0,1546.53,1579.04
31/01/2027,K. FC Heist A,K. FC Varsenare A,,,1478.42,1497.87,0.472,0.528,,,0.0,1478.42,1497.87
31/01/2027,FC Sp. Heestert A,S.V. Wevelgem City A,,,1392.9,1548.11,0.2904,0.7096,,,0.0,1392.9,1548.11
31/01/2027,Club Roeselare,K. VC Ardooie A,,,1479.8,1550.54,0.3996,0.6004,,,0.0,1479.8,1550.54
13/02/2027,K. SV Veurne A,K. FC Marke A,,,1568.85,1494.05,0.606,0.394,,,0.0,1568.85,1494.05
13/02/2027,K. Eendr. Wervik A,K. RC Bissegem,,,1409.6,1542.01,0.3182,0.6818,,,0.0,1409.6,1542.01
13/02/2027,S.V. Wevelgem City A,K.S.C. Wielsbeke,,,1548.11,1579.04,0.4556,0.5444,,,0.0,1548.11,1579.04
13/02/2027,K. FC Varsenare A,KFC Aalbeke Sport A,,,1497.87,1536.1,0.4452,0.5548,,,0.0,1497.87,1536.1
14/02/2027,FC Sp. Heestert A,K. Sassp. Boezinge A,,,1392.9,1488.21,0.3662,0.6338,,,0.0,1392.9,1488.21
14/02/2027,K. FC Heist A,SV Ingelmunster A,,,1478.42,1494.03,0.4775,0.5225,,,0.0,1478.42,1494.03
14/02/2027,K. VC Ardooie A,K. SK Beveren-Leie A,,,1550.54,1393.95,0.7112,0.2888,,,0.0,1550.54,1393.95
14/02/2027,Club Roeselare,K.R.C. Waregem A,,,1479.8,1546.53,0.4051,0.5949,,,0.0,1479.8,1546.53
20/02/2027,KFC Aalbeke Sport A,K. FC Heist A,,,1536.1,1478.42,0.5823,0.4177,,,0.0,1536.1,1478.42
20/02/2027,K. Sassp. Boezinge A,Club Roeselare,,,1488.21,1479.8,0.5121,0.4879,,,0.0,1488.21,1479.8
20/02/2027,SV Ingelmunster A,K. Eendr. Wervik A,,,1494.03,1409.6,0.6192,0.3808,,,0.0,1494.03,1409.6
20/02/2027,K. RC Bissegem,K. VC Ardooie A,,,1542.01,1550.54,0.4877,0.5123,,,0.0,1542.01,1550.54
21/02/2027,K. FC Marke A,S.V. Wevelgem City A,,,1494.05,1548.11,0.4228,0.5772,,,0.0,1494.05,1548.11
21/02/2027,K.R.C. Waregem A,K. SV Veurne A,,,1546.53,1568.85,0.4679,0.5321,,,0.0,1546.53,1568.85
21/02/2027,K.S.C. Wielsbeke,FC Sp. Heestert A,,,1579.04,1392.9,0.7449,0.2551,,,0.0,1579.04,1392.9
21/02/2027,K. SK Beveren-Leie A,K. FC Varsenare A,,,1393.95,1497.87,0.3548,0.6452,,,0.0,1393.95,1497.87
27/02/2027,S.V. Wevelgem City A,K. SK Beveren-Leie A,,,1548.11,1393.95,0.7084,0.2916,,,0.0,1548.11,1393.95
27/02/2027,K. FC Varsenare A,K. RC Bissegem,,,1497.87,1542.01,0.4368,0.5632,,,0.0,1497.87,1542.01
27/02/2027,FC Sp. Heestert A,SV Ingelmunster A,,,1392.9,1494.03,0.3584,0.6416,,,0.0,1392.9,1494.03
27/02/2027,K. Eendr. Wervik A,K. Sassp. Boezinge A,,,1409.6,1488.21,0.3888,0.6112,,,0.0,1409.6,1488.21
27/02/2027,K. SV Veurne A,KFC Aalbeke Sport A,,,1568.85,1536.1,0.547,0.453,,,0.0,1568.85,1536.1
28/02/2027,Club Roeselare,K.S.C. Wielsbeke,,,1479.8,1579.04,0.3609,0.6391,,,0.0,1479.8,1579.04
28/02/2027,K. VC Ardooie A,K. FC Marke A,,,1550.54,1494.05,0.5806,0.4194,,,0.0,1550.54,1494.05
28/02/2027,K. FC Heist A,K.R.C. Waregem A,,,1478.42,1546.53,0.4032,0.5968,,,0.0,1478.42,1546.53
06/03/2027,KFC Aalbeke Sport A,FC Sp. Heestert A,,,1536.1,1392.9,0.6952,0.3048,,,0.0,1536.1,1392.9
06/03/2027,K. Sassp. Boezinge A,S.V. Wevelgem City A,,,1488.21,1548.11,0.4146,0.5854,,,0.0,1488.21,1548.11
06/03/2027,K. Eendr. Wervik A,K. FC Heist A,,,1409.6,1478.42,0.4022,0.5978,,,0.0,1409.6,1478.42
06/03/2027,K. RC Bissegem,Club Roeselare,,,1542.01,1479.8,0.5886,0.4114,,,0.0,1542.01,1479.8
06/03/2027,SV Ingelmunster A,K. SV Veurne A,,,1494.03,1568.85,0.394,0.606,,,0.0,1494.03,1568.85
07/03/2027,K. FC Marke A,K. FC Varsenare A,,,1494.05,1497.87,0.4945,0.5055,,,0.0,1494.05,1497.87
07/03/2027,K.R.C. Waregem A,K. SK Beveren-Leie A,,,1546.53,1393.95,0.7065,0.2935,,,0.0,1546.53,1393.95
07/03/2027,K.S.C. Wielsbeke,K. VC Ardooie A,,,1579.04,1550.54,0.5409,0.4591,,,0.0,1579.04,1550.54
13/03/2027,S.V. Wevelgem City A,K.R.C. Waregem A,,,1548.11,1546.53,0.5023,0.4977,,,0.0,1548.11,1546.53
13/03/2027,K. FC Varsenare A,K. Eendr. Wervik A,,,1497.87,1409.6,0.6244,0.3756,,,0.0,1497.87,1409.6
13/03/2027,FC Sp. Heestert A,K. RC Bissegem,,,1392.9,1542.01,0.2977,0.7023,,,0.0,1392.9,1542.01
13/03/2027,K. SV Veurne A,K.S.C. Wielsbeke,,,1568.85,1579.04,0.4853,0.5147,,,0.0,1568.85,1579.04
13/03/2027,K. SK Beveren-Leie A,K. Sassp. Boezinge A,,,1393.95,1488.21,0.3676,0.6324,,,0.0,1393.95,1488.21
14/03/2027,K. VC Ardooie A,KFC Aalbeke Sport A,,,1550.54,1536.1,0.5208,0.4792,,,0.0,1550.54,1536.1
14/03/2027,Club Roeselare,SV Ingelmunster A,,,1479.8,1494.03,0.4795,0.5205,,,0.0,1479.8,1494.03
14/03/2027,K. FC Heist A,K. FC Marke A,,,1478.42,1494.05,0.4775,0.5225,,,0.0,1478.42,1494.05
20/03/2027,KFC Aalbeke Sport A,Club Roeselare,,,1536.1,1479.8,0.5803,0.4197,,,0.0,1536.1,1479.8
20/03/2027,K. Sassp. Boezinge A,K. VC Ardooie A,,,1488.21,1550.54,0.4112,0.5888,,,0.0,1488.21,1550.54
20/03/2027,K. Eendr. Wervik A,FC Sp. Heestert A,,,1409.6,1392.9,0.524,0.476,,,0.0,1409.6,1392.9
20/03/2027,K. RC Bissegem,K. SV Veurne A,,,1542.01,1568.85,0.4615,0.5385,,,0.0,1542.01,1568.85
20/03/2027,SV Ingelmunster A,S.V. Wevelgem City A,,,1494.03,1548.11,0.4228,0.5772,,,0.0,1494.03,1548.11
21/03/2027,K.R.C. Waregem A,K. FC Varsenare A,,,1546.53,1497.87,0.5696,0.4304,,,0.0,1546.53,1497.87
21/03/2027,K. FC Marke A,K. SK Beveren-Leie A,,,1494.05,1393.95,0.6402,0.3598,,,0.0,1494.05,1393.95
21/03/2027,K.S.C. Wielsbeke,K. FC Heist A,,,1579.04,1478.42,0.6409,0.3591,,,0.0,1579.04,1478.42
03/04/2027,K. FC Varsenare A,Club Roeselare,,,1497.87,1479.8,0.526,0.474,,,0.0,1497.87,1479.8
03/04/2027,K. VC Ardooie A,K.R.C. Waregem A,,,1550.54,1546.53,0.5058,0.4942,,,0.0,1550.54,1546.53
03/04/2027,S.V. Wevelgem City A,K. Eendr. Wervik A,,,1548.11,1409.6,0.6894,0.3106,,,0.0,1548.11,1409.6
03/04/2027,K. SV Veurne A,K. Sassp. Boezinge A,,,1568.85,1488.21,0.614,0.386,,,0.0,1568.85,1488.21
04/04/2027,K. FC Heist A,FC Sp. Heestert A,,,1478.42,1392.9,0.6206,0.3794,,,0.0,1478.42,1392.9
04/04/2027,K. SK Beveren-Leie A,K. RC Bissegem,,,1393.95,1542.01,0.299,0.701,,,0.0,1393.95,1542.01
04/04/2027,K. FC Marke A,SV Ingelmunster A,,,1494.05,1494.03,0.5,0.5,,,0.0,1494.05,1494.03
04/04/2027,K.S.C. Wielsbeke,KFC Aalbeke Sport A,,,1579.04,1536.1,0.5615,0.4385,,,0.0,1579.04,1536.1
10/04/2027,Club Roeselare,K. FC Heist A,,,1479.8,1478.42,0.502,0.498,,,0.0,1479.8,1478.42
10/04/2027,K. Eendr. Wervik A,K. SV Veurne A,,,1409.6,1568.85,0.2856,0.7144,,,0.0,1409.6,1568.85
10/04/2027,K. Sassp. Boezinge A,K. FC Varsenare A,,,1488.21,1497.87,0.4861,0.5139,,,0.0,1488.21,1497.87
10/04/2027,KFC Aalbeke Sport A,K. FC Marke A,,,1536.1,1494.05,0.5602,0.4398,,,0.0,1536.1,1494.05
10/04/2027,SV Ingelmunster A,K.S.C. Wielsbeke,,,1494.03,1579.04,0.38,0.62,,,0.0,1494.03,1579.04
10/04/2027,FC Sp. Heestert A,K. SK Beveren-Leie A,,,1392.9,1393.95,0.4985,0.5015,,,0.0,1392.9,1393.95
10/04/2027,K. RC Bissegem,K.R.C. Waregem A,,,1542.01,1546.53,0.4935,0.5065,,,0.0,1542.01,1546.53
11/04/2027,K. VC Ardooie A,S.V. Wevelgem City A,,,1550.54,1548.11,0.5035,0.4965,,,0.0,1550.54,1548.11
17/04/2027,K. FC Varsenare A,K. VC Ardooie A,,,1497.87,1550.54,0.4248,0.5752,,,0.0,1497.87,1550.54
17/04/2027,K. RC Bissegem,SV Ingelmunster A,,,1542.01,1494.03,0.5686,0.4314,,,0.0,1542.01,1494.03
17/04/2027,K. SV Veurne A,FC Sp. Heestert A,,,1568.85,1392.9,0.7336,0.2664,,,0.0,1568.85,1392.9
18/04/2027,K.S.C. Wielsbeke,K. Sassp. Boezinge A,,,1579.04,1488.21,0.6278,0.3722,,,0.0,1579.04,1488.21
18/04/2027,K.R.C. Waregem A,KFC Aalbeke Sport A,,,1546.53,1536.1,0.515,0.485,,,0.0,1546.53,1536.1
18/04/2027,K. FC Marke A,K. Eendr. Wervik A,,,1494.05,1409.6,0.6192,0.3808,,,0.0,1494.05,1409.6
18/04/2027,K. FC Heist A,S.V. Wevelgem City A,,,1478.42,1548.11,0.401,0.599,,,0.0,1478.42,1548.11
18/04/2027,K. SK Beveren-Leie A,Club Roeselare,,,1393.95,1479.8,0.3789,0.6211,,,0.0,1393.95,1479.8
25/04/2027,S.V. Wevelgem City A,K. FC Varsenare A,,,1548.11,1497.87,0.5718,0.4282,,,0.0,1548.11,1497.87
25/04/2027,Club Roeselare,K. FC Marke A,,,1479.8,1494.05,0.4795,0.5205,,,0.0,1479.8,1494.05
25/04/2027,SV Ingelmunster A,K. SK Beveren-Leie A,,,1494.03,1393.95,0.6402,0.3598,,,0.0,1494.03,1393.95
25/04/2027,FC Sp. Heestert A,K.R.C. Waregem A,,,1392.9,1546.53,0.2923,0.7077,,,0.0,1392.9,1546.53
25/04/2027,KFC Aalbeke Sport A,K. RC Bissegem,,,1536.1,1542.01,0.4915,0.5085,,,0.0,1536.1,1542.01
25/04/2027,K. Sassp. Boezinge A,K. FC Heist A,,,1488.21,1478.42,0.5141,0.4859,,,0.0,1488.21,1478.42
25/04/2027,K. Eendr. Wervik A,K.S.C. Wielsbeke,,,1409.6,1579.04,0.2738,0.7262,,,0.0,1409.6,1579.04
25/04/2027,K. VC Ardooie A,K. SV Veurne A,,,1550.54,1568.85,0.4737,0.5263,,,0.0,1550.54,1568.85
