matchurl,home_team,away_team,event,player_name,team,minute,is_home,home_team_goals,away_team_goals,team_against

"https://www.rbfa.be/nl/wedstrijd/7520914","K. SV Veurne A","Club Roeselare","Yellow Card","Sam Vanhuyse","Club Roeselare",21,0,0,0,"K. SV Veurne A"
"https://www.rbfa.be/nl/wedstrijd/7520914","K. SV Veurne A","Club Roeselare","Goal","Yoran Deleu","Club Roeselare",37,0,0,1,"K. SV Veurne A"
"https://www.rbfa.be/nl/wedstrijd/7520914","K. SV Veurne A","Club Roeselare","Goal","Bart Winnock","K. SV Veurne A",50,1,1,1,"Club Roeselare"
"https://www.rbfa.be/nl/wedstrijd/7520914","K. SV Veurne A","Club Roeselare","Yellow Card","Sebastiaan Maesen","Club Roeselare",57,0,1,1,"K. SV Veurne A"
"https://www.rbfa.be/nl/wedstrijd/7520914","K. SV Veurne A","Club Roeselare","Substitute In","Michiel Verlinde","Club Roeselare",62,0,1,1,"K. SV Veurne A"
"https://www.rbfa.be/nl/wedstrijd/7520914","K. SV Veurne A","Club Roeselare","Substitute Out","Sebastiaan Maesen","Club Roeselare",62,0,1,1,"K. SV Veurne A"
"https://www.rbfa.be/nl/wedstrijd/7520914","K. SV Veurne A","Club Roeselare","Substitute In","Tristan Prinsier","Club Roeselare",69,0,1,1,"K. SV Veurne A"
"https://www.rbfa.be/nl/wedstrijd/7520914","K. SV Veurne A","Club Roeselare","Substitute In","Vincent Provoost","Club Roeselare",69,0,1,1,"K. SV Veurne A"
"https://www.rbfa.be/nl/wedstrijd/7520914","K. SV Veurne A","Club Roeselare","Substitute Out","Gianni Vandecasteele","Club Roeselare",69,0,1,1,"K. SV Veurne A"
"https://www.rbfa.be/nl/wedstrijd/7520914","K. SV Veurne A","Club Roeselare","Substitute Out","Sam Vanhuyse","Club Roeselare",69,0,1,1,"K. SV Veurne A"
"https://www.rbfa.be/nl/wedstrijd/7520914","K. SV Veurne A","Club Roeselare","Substitute In","Jessy Blanckaert","K. SV Veurne A",85,1,1,1,"Club Roeselare"
"https://www.rbfa.be/nl/wedstrijd/7520914","K. SV Veurne A","Club Roeselare","Substitute Out","Dante Blanckaert","K. SV Veurne A",85,1,1,1,"Club Roeselare"
"https://www.rbfa.be/nl/wedstrijd/7520914","K. SV Veurne A","Club Roeselare","Substitute In","Mauro Dumoulin","Club Roeselare",87,0,1,1,"K. SV Veurne A"
"https://www.rbfa.be/nl/wedstrijd/7520914","K. SV Veurne A","Club Roeselare","Substitute Out","Cedric Makekula Mitu Muendele","Club Roeselare",87,0,1,1,"K. SV Veurne A"
"https://www.rbfa.be/nl/wedstrijd/7520919","K. FC Heist A","KFC Aalbeke Sport A","Substitute In","Corentin Fabrice Cottenceau","KFC Aalbeke Sport A",46,0,0,0,"K. FC Heist A"
"https://www.rbfa.be/nl/wedstrijd/7520919","K. FC Heist A","KFC Aalbeke Sport A","Substitute Out","Amine Ahdach","KFC Aalbeke Sport A",46,0,0,0,"K. FC Heist A"
"https://www.rbfa.be/nl/wedstrijd/7520919","K. FC Heist A","KFC Aalbeke Sport A","Yellow Card","Tenas Virgili","K. FC Heist A",53,1,0,0,"KFC Aalbeke Sport A"
"https://www.rbfa.be/nl/wedstrijd/7520919","K. FC Heist A","KFC Aalbeke Sport A","Substitute In","Sabri Bensalim","KFC Aalbeke Sport A",56,0,0,0,"K. FC Heist A"
"https://www.rbfa.be/nl/wedstrijd/7520919","K. FC Heist A","KFC Aalbeke Sport A","Substitute Out","Kevin Gallo","KFC Aalbeke Sport A",56,0,0,0,"K. FC Heist A"
"https://www.rbfa.be/nl/wedstrijd/7520919","K. FC Heist A","KFC Aalbeke Sport A","Substitute In","Bixenti Ducoulombier","K. FC Heist A",60,1,0,0,"KFC Aalbeke Sport A"
"https://www.rbfa.be/nl/wedstrijd/7520919","K. FC Heist A","KFC Aalbeke Sport A","Substitute Out","Tenas Virgili","K. FC Heist A",60,1,0,0,"KFC Aalbeke Sport A"
"https://www.rbfa.be/nl/wedstrijd/7520919","K. FC Heist A","KFC Aalbeke Sport A","Substitute In","Marwane El Houfi","K. FC Heist A",81,1,0,0,"KFC Aalbeke Sport A"
"https://www.rbfa.be/nl/wedstrijd/7520919","K. FC Heist A","KFC Aalbeke Sport A","Substitute In","Pascal Ohiaeri","K. FC Heist A",81,1,0,0,"KFC Aalbeke Sport A"
"https://www.rbfa.be/nl/wedstrijd/7520919","K. FC Heist A","KFC Aalbeke Sport A","Substitute Out","Tibo Andries","K. FC Heist A",81,1,0,0,"KFC Aalbeke Sport A"
"https://www.rbfa.be/nl/wedstrijd/7520919","K. FC Heist A","KFC Aalbeke Sport A","Substitute Out","Jan Claessens","K. FC Heist A",81,1,0,0,"KFC Aalbeke Sport A"
"https://www.rbfa.be/nl/wedstrijd/7520919","K. FC Heist A","KFC Aalbeke Sport A","Substitute In","Taybi Bensalem","KFC Aalbeke Sport A",85,0,0,0,"K. FC Heist A"
"https://www.rbfa.be/nl/wedstrijd/7520919","K. FC Heist A","KFC Aalbeke Sport A","Substitute In","Wassim Essaddiki","KFC Aalbeke Sport A",85,0,0,0,"K. FC Heist A"
"https://www.rbfa.be/nl/wedstrijd/7520919","K. FC Heist A","KFC Aalbeke Sport A","Substitute Out","Thibaut Millecamps","KFC Aalbeke Sport A",85,0,0,0,"K. FC Heist A"
"https://www.rbfa.be/nl/wedstrijd/7520919","K. FC Heist A","KFC Aalbeke Sport A","Substitute Out","Marvin Pierre Turcan","KFC Aalbeke Sport A",85,0,0,0,"K. FC Heist A"
"https://www.rbfa.be/nl/wedstrijd/7520919","K. FC Heist A","KFC Aalbeke Sport A","Substitute In","Kjell Delos","K. FC Heist A",89,1,0,0,"KFC Aalbeke Sport A"
"https://www.rbfa.be/nl/wedstrijd/7520919","K. FC Heist A","KFC Aalbeke Sport A","Substitute Out","Diaz Denise Axelsson De Baets","K. FC Heist A",89,1,0,0,"KFC Aalbeke Sport A"
"https://www.rbfa.be/nl/wedstrijd/7520916","K. FC Varsenare A","K. Sassp. Boezinge A","Yellow Card","Milan Van De Maele","K. FC Varsenare A",24,1,0,0,"K. Sassp. Boezinge A"
"https://www.rbfa.be/nl/wedstrijd/7520916","K. FC Varsenare A","K. Sassp. Boezinge A","Goal","Matteo Compernolle","K. FC Varsenare A",26,1,1,0,"K. Sassp. Boezinge A"
"https://www.rbfa.be/nl/wedstrijd/7520916","K. FC Varsenare A","K. Sassp. Boezinge A","Substitute In","Brent Ooghe","K. FC Varsenare A",46,1,1,0,"K. Sassp. Boezinge A"
"https://www.rbfa.be/nl/wedstrijd/7520916","K. FC Varsenare A","K. Sassp. Boezinge A","Substitute Out","Eleazar Osei-Berkoe","K. FC Varsenare A",46,1,1,0,"K. Sassp. Boezinge A"
"https://www.rbfa.be/nl/wedstrijd/7520916","K. FC Varsenare A","K. Sassp. Boezinge A","Substitute In","Owen Casier","K. Sassp. Boezinge A",60,0,1,0,"K. FC Varsenare A"
"https://www.rbfa.be/nl/wedstrijd/7520916","K. FC Varsenare A","K. Sassp. Boezinge A","Substitute Out","Seppe Gantois","K. Sassp. Boezinge A",60,0,1,0,"K. FC Varsenare A"
"https://www.rbfa.be/nl/wedstrijd/7520916","K. FC Varsenare A","K. Sassp. Boezinge A","Substitute In","Jules Colpaert","K. FC Varsenare A",75,1,1,0,"K. Sassp. Boezinge A"
"https://www.rbfa.be/nl/wedstrijd/7520916","K. FC Varsenare A","K. Sassp. Boezinge A","Substitute Out","Bavo Butaye","K. FC Varsenare A",75,1,1,0,"K. Sassp. Boezinge A"
"https://www.rbfa.be/nl/wedstrijd/7520916","K. FC Varsenare A","K. Sassp. Boezinge A","Yellow Card","Benoit Onraet","K. FC Varsenare A",75,1,1,0,"K. Sassp. Boezinge A"
"https://www.rbfa.be/nl/wedstrijd/7520916","K. FC Varsenare A","K. Sassp. Boezinge A","Substitute In","Joenes Kasmi","K. Sassp. Boezinge A",80,0,1,0,"K. FC Varsenare A"
"https://www.rbfa.be/nl/wedstrijd/7520916","K. FC Varsenare A","K. Sassp. Boezinge A","Substitute Out","Mouhamed Sarr","K. Sassp. Boezinge A",80,0,1,0,"K. FC Varsenare A"
"https://www.rbfa.be/nl/wedstrijd/7520916","K. FC Varsenare A","K. Sassp. Boezinge A","Yellow Card","Brent Ooghe","K. FC Varsenare A",84,1,1,0,"K. Sassp. Boezinge A"
"https://www.rbfa.be/nl/wedstrijd/7520916","K. FC Varsenare A","K. Sassp. Boezinge A","Goal","Matteo Compernolle","K. FC Varsenare A",86,1,2,0,"K. Sassp. Boezinge A"
"https://www.rbfa.be/nl/wedstrijd/7520916","K. FC Varsenare A","K. Sassp. Boezinge A","Substitute In","Colin Sohier","K. Sassp. Boezinge A",89,0,2,0,"K. FC Varsenare A"
"https://www.rbfa.be/nl/wedstrijd/7520916","K. FC Varsenare A","K. Sassp. Boezinge A","Substitute In","Remko Vandamme","K. Sassp. Boezinge A",89,0,2,0,"K. FC Varsenare A"
"https://www.rbfa.be/nl/wedstrijd/7520916","K. FC Varsenare A","K. Sassp. Boezinge A","Substitute Out","Lilian Bochet","K. Sassp. Boezinge A",89,0,2,0,"K. FC Varsenare A"
"https://www.rbfa.be/nl/wedstrijd/7520916","K. FC Varsenare A","K. Sassp. Boezinge A","Substitute Out","Fabian Rassalle","K. Sassp. Boezinge A",89,0,2,0,"K. FC Varsenare A"
"https://www.rbfa.be/nl/wedstrijd/7520916","K. FC Varsenare A","K. Sassp. Boezinge A","Yellow Card","Jari Van De Maele","K. FC Varsenare A",92,1,2,0,"K. Sassp. Boezinge A"
"https://www.rbfa.be/nl/wedstrijd/7520915","S.V. Wevelgem City A","FC Sp. Heestert A","Yellow Card","Thibau Laevens","S.V. Wevelgem City A",17,1,0,0,"FC Sp. Heestert A"
"https://www.rbfa.be/nl/wedstrijd/7520915","S.V. Wevelgem City A","FC Sp. Heestert A","Yellow Card","Mehdi Oumedjeber","S.V. Wevelgem City A",19,1,0,0,"FC Sp. Heestert A"
"https://www.rbfa.be/nl/wedstrijd/7520915","S.V. Wevelgem City A","FC Sp. Heestert A","Yellow Card","Aristote Madiani","FC Sp. Heestert A",27,0,0,0,"S.V. Wevelgem City A"
"https://www.rbfa.be/nl/wedstrijd/7520915","S.V. Wevelgem City A","FC Sp. Heestert A","Yellow Card","Fries Legein","FC Sp. Heestert A",36,0,0,0,"S.V. Wevelgem City A"
"https://www.rbfa.be/nl/wedstrijd/7520915","S.V. Wevelgem City A","FC Sp. Heestert A","Yellow Card","Gauthier Van De Geuchte","S.V. Wevelgem City A",37,1,0,0,"FC Sp. Heestert A"
"https://www.rbfa.be/nl/wedstrijd/7520915","S.V. Wevelgem City A","FC Sp. Heestert A","Yellow Card","Jordy Beirlaen","S.V. Wevelgem City A",63,1,0,0,"FC Sp. Heestert A"
"https://www.rbfa.be/nl/wedstrijd/7520915","S.V. Wevelgem City A","FC Sp. Heestert A","Substitute In","Niels Stael","FC Sp. Heestert A",63,0,0,0,"S.V. Wevelgem City A"
"https://www.rbfa.be/nl/wedstrijd/7520915","S.V. Wevelgem City A","FC Sp. Heestert A","Substitute Out","Dries Loosveldt","FC Sp. Heestert A",63,0,0,0,"S.V. Wevelgem City A"
"https://www.rbfa.be/nl/wedstrijd/7520915","S.V. Wevelgem City A","FC Sp. Heestert A","Substitute In","Said Hafidh Khatib","S.V. Wevelgem City A",70,1,0,0,"FC Sp. Heestert A"
"https://www.rbfa.be/nl/wedstrijd/7520915","S.V. Wevelgem City A","FC Sp. Heestert A","Substitute In","Tibo Margo","S.V. Wevelgem City A",70,1,0,0,"FC Sp. Heestert A"
"https://www.rbfa.be/nl/wedstrijd/7520915","S.V. Wevelgem City A","FC Sp. Heestert A","Substitute Out","Maxime Cottignie","S.V. Wevelgem City A",70,1,0,0,"FC Sp. Heestert A"
"https://www.rbfa.be/nl/wedstrijd/7520915","S.V. Wevelgem City A","FC Sp. Heestert A","Substitute Out","Gilles Hamers","S.V. Wevelgem City A",70,1,0,0,"FC Sp. Heestert A"
"https://www.rbfa.be/nl/wedstrijd/7520915","S.V. Wevelgem City A","FC Sp. Heestert A","Yellow Card","Eddy Verbeeck","S.V. Wevelgem City A",71,1,0,0,"FC Sp. Heestert A"
"https://www.rbfa.be/nl/wedstrijd/7520915","S.V. Wevelgem City A","FC Sp. Heestert A","Goal","Gauthier Van De Geuchte","S.V. Wevelgem City A",80,1,1,0,"FC Sp. Heestert A"
"https://www.rbfa.be/nl/wedstrijd/7520915","S.V. Wevelgem City A","FC Sp. Heestert A","Goal","Tibo Margo","S.V. Wevelgem City A",84,1,2,0,"FC Sp. Heestert A"
"https://www.rbfa.be/nl/wedstrijd/7520915","S.V. Wevelgem City A","FC Sp. Heestert A","Yellow Card","Gilles Bouckaert","S.V. Wevelgem City A",84,1,2,0,"FC Sp. Heestert A"
"https://www.rbfa.be/nl/wedstrijd/7520915","S.V. Wevelgem City A","FC Sp. Heestert A","Substitute In","Louis Callewier","FC Sp. Heestert A",84,0,2,0,"S.V. Wevelgem City A"
"https://www.rbfa.be/nl/wedstrijd/7520915","S.V. Wevelgem City A","FC Sp. Heestert A","Substitute Out","Adrien Michel Hermant","FC Sp. Heestert A",84,0,2,0,"S.V. Wevelgem City A"
"https://www.rbfa.be/nl/wedstrijd/7520915","S.V. Wevelgem City A","FC Sp. Heestert A","Substitute In","Emiel Bridelance","S.V. Wevelgem City A",86,1,2,0,"FC Sp. Heestert A"
"https://www.rbfa.be/nl/wedstrijd/7520915","S.V. Wevelgem City A","FC Sp. Heestert A","Substitute Out","Mehdi Oumedjeber","S.V. Wevelgem City A",86,1,2,0,"FC Sp. Heestert A"
"https://www.rbfa.be/nl/wedstrijd/7520915","S.V. Wevelgem City A","FC Sp. Heestert A","Substitute In","Lenny Rassalle","FC Sp. Heestert A",87,0,2,0,"S.V. Wevelgem City A"
"https://www.rbfa.be/nl/wedstrijd/7520915","S.V. Wevelgem City A","FC Sp. Heestert A","Substitute Out","Mattice Bekaert","FC Sp. Heestert A",87,0,2,0,"S.V. Wevelgem City A"
"https://www.rbfa.be/nl/wedstrijd/7520915","S.V. Wevelgem City A","FC Sp. Heestert A","Goal","Said Hafidh Khatib","S.V. Wevelgem City A",89,1,3,0,"FC Sp. Heestert A"
"https://www.rbfa.be/nl/wedstrijd/7520915","S.V. Wevelgem City A","FC Sp. Heestert A","Substitute In","Raf Vanhuylebrouck","S.V. Wevelgem City A",90,1,3,0,"FC Sp. Heestert A"
"https://www.rbfa.be/nl/wedstrijd/7520915","S.V. Wevelgem City A","FC Sp. Heestert A","Substitute Out","Thibau Laevens","S.V. Wevelgem City A",90,1,3,0,"FC Sp. Heestert A"
"https://www.rbfa.be/nl/wedstrijd/7520920","K. FC Marke A","K. RC Bissegem","Yellow Card","Elias Ben Ali","K. RC Bissegem",21,0,0,0,"K. FC Marke A"
"https://www.rbfa.be/nl/wedstrijd/7520920","K. FC Marke A","K. RC Bissegem","Own Goal","Amaury Demuynck","K. RC Bissegem",30,0,0,1,"K. FC Marke A"
"https://www.rbfa.be/nl/wedstrijd/7520920","K. FC Marke A","K. RC Bissegem","Goal","Rutger Sturm","K. RC Bissegem",46,0,0,2,"K. FC Marke A"
"https://www.rbfa.be/nl/wedstrijd/7520920","K. FC Marke A","K. RC Bissegem","Yellow Card","Ismaïl El Ouassif","K. RC Bissegem",55,0,0,2,"K. FC Marke A"
"https://www.rbfa.be/nl/wedstrijd/7520920","K. FC Marke A","K. RC Bissegem","Substitute In","Lucas Coornaert","K. FC Marke A",56,1,0,2,"K. RC Bissegem"
"https://www.rbfa.be/nl/wedstrijd/7520920","K. FC Marke A","K. RC Bissegem","Substitute In","Bob Desmet","K. FC Marke A",56,1,0,2,"K. RC Bissegem"
"https://www.rbfa.be/nl/wedstrijd/7520920","K. FC Marke A","K. RC Bissegem","Substitute In","Noé Dirk Rogard","K. FC Marke A",56,1,0,2,"K. RC Bissegem"
"https://www.rbfa.be/nl/wedstrijd/7520920","K. FC Marke A","K. RC Bissegem","Substitute Out","Amaury Demuynck","K. FC Marke A",56,1,0,2,"K. RC Bissegem"
"https://www.rbfa.be/nl/wedstrijd/7520920","K. FC Marke A","K. RC Bissegem","Substitute Out","Thomas Menghis","K. FC Marke A",56,1,0,2,"K. RC Bissegem"
"https://www.rbfa.be/nl/wedstrijd/7520920","K. FC Marke A","K. RC Bissegem","Substitute Out","Hannes Tieberghien","K. FC Marke A",56,1,0,2,"K. RC Bissegem"
"https://www.rbfa.be/nl/wedstrijd/7520920","K. FC Marke A","K. RC Bissegem","Goal","August Laverge","K. RC Bissegem",63,0,0,3,"K. FC Marke A"
"https://www.rbfa.be/nl/wedstrijd/7520920","K. FC Marke A","K. RC Bissegem","Yellow Card","Jelle Duthoo","K. FC Marke A",65,1,0,3,"K. RC Bissegem"
"https://www.rbfa.be/nl/wedstrijd/7520920","K. FC Marke A","K. RC Bissegem","Substitute In","Glenn Lapeire","K. RC Bissegem",65,0,0,3,"K. FC Marke A"
"https://www.rbfa.be/nl/wedstrijd/7520920","K. FC Marke A","K. RC Bissegem","Substitute Out","Rutger Sturm","K. RC Bissegem",65,0,0,3,"K. FC Marke A"
"https://www.rbfa.be/nl/wedstrijd/7520920","K. FC Marke A","K. RC Bissegem","Goal","Jelle Duthoo","K. FC Marke A",73,1,1,3,"K. RC Bissegem"
"https://www.rbfa.be/nl/wedstrijd/7520920","K. FC Marke A","K. RC Bissegem","Substitute In","Noah Vanhouwaert","K. RC Bissegem",73,0,1,3,"K. FC Marke A"
"https://www.rbfa.be/nl/wedstrijd/7520920","K. FC Marke A","K. RC Bissegem","Substitute Out","Ismaïl El Ouassif","K. RC Bissegem",73,0,1,3,"K. FC Marke A"
"https://www.rbfa.be/nl/wedstrijd/7520920","K. FC Marke A","K. RC Bissegem","Substitute In","Jannis Bourgeois","K. FC Marke A",77,1,1,3,"K. RC Bissegem"
"https://www.rbfa.be/nl/wedstrijd/7520920","K. FC Marke A","K. RC Bissegem","Substitute Out","Thibault Trioen","K. FC Marke A",77,1,1,3,"K. RC Bissegem"
"https://www.rbfa.be/nl/wedstrijd/7520920","K. FC Marke A","K. RC Bissegem","Substitute In","Lennert Lingier","K. RC Bissegem",85,0,1,3,"K. FC Marke A"
"https://www.rbfa.be/nl/wedstrijd/7520920","K. FC Marke A","K. RC Bissegem","Substitute Out","Andres Dewaele","K. RC Bissegem",85,0,1,3,"K. FC Marke A"
"https://www.rbfa.be/nl/wedstrijd/7520918","K.S.C. Wielsbeke","SV Ingelmunster A","Yellow Card","Andres Baert","SV Ingelmunster A",13,0,0,0,"K.S.C. Wielsbeke"
"https://www.rbfa.be/nl/wedstrijd/7520918","K.S.C. Wielsbeke","SV Ingelmunster A","Yellow Card","Dries Wysselinck","K.S.C. Wielsbeke",15,1,0,0,"SV Ingelmunster A"
"https://www.rbfa.be/nl/wedstrijd/7520918","K.S.C. Wielsbeke","SV Ingelmunster A","Goal","Charles Noppe","K.S.C. Wielsbeke",19,1,1,0,"SV Ingelmunster A"
"https://www.rbfa.be/nl/wedstrijd/7520918","K.S.C. Wielsbeke","SV Ingelmunster A","Yellow Card","Tibo Vandendriessche","SV Ingelmunster A",27,0,1,0,"K.S.C. Wielsbeke"
"https://www.rbfa.be/nl/wedstrijd/7520918","K.S.C. Wielsbeke","SV Ingelmunster A","Goal","Seppe Jeroen Lecour","K.S.C. Wielsbeke",44,1,2,0,"SV Ingelmunster A"
"https://www.rbfa.be/nl/wedstrijd/7520918","K.S.C. Wielsbeke","SV Ingelmunster A","Substitute In","Remco Kentie","SV Ingelmunster A",45,0,2,0,"K.S.C. Wielsbeke"
"https://www.rbfa.be/nl/wedstrijd/7520918","K.S.C. Wielsbeke","SV Ingelmunster A","Substitute Out","Andres Baert","SV Ingelmunster A",45,0,2,0,"K.S.C. Wielsbeke"
"https://www.rbfa.be/nl/wedstrijd/7520918","K.S.C. Wielsbeke","SV Ingelmunster A","Substitute In","Alexandre Vandemaele","SV Ingelmunster A",53,0,2,0,"K.S.C. Wielsbeke"
"https://www.rbfa.be/nl/wedstrijd/7520918","K.S.C. Wielsbeke","SV Ingelmunster A","Substitute Out","Dylan Seys","SV Ingelmunster A",53,0,2,0,"K.S.C. Wielsbeke"
"https://www.rbfa.be/nl/wedstrijd/7520918","K.S.C. Wielsbeke","SV Ingelmunster A","Substitute In","Gilles Van Maeldergem","K.S.C. Wielsbeke",73,1,2,0,"SV Ingelmunster A"
"https://www.rbfa.be/nl/wedstrijd/7520918","K.S.C. Wielsbeke","SV Ingelmunster A","Substitute In","Rune Jacques Vandenborre","K.S.C. Wielsbeke",73,1,2,0,"SV Ingelmunster A"
"https://www.rbfa.be/nl/wedstrijd/7520918","K.S.C. Wielsbeke","SV Ingelmunster A","Substitute Out","Ian Maes","K.S.C. Wielsbeke",73,1,2,0,"SV Ingelmunster A"
"https://www.rbfa.be/nl/wedstrijd/7520918","K.S.C. Wielsbeke","SV Ingelmunster A","Substitute Out","Charles Noppe","K.S.C. Wielsbeke",73,1,2,0,"SV Ingelmunster A"
"https://www.rbfa.be/nl/wedstrijd/7520918","K.S.C. Wielsbeke","SV Ingelmunster A","Substitute In","Jorrit Vanden Berghe","SV Ingelmunster A",73,0,2,0,"K.S.C. Wielsbeke"
"https://www.rbfa.be/nl/wedstrijd/7520918","K.S.C. Wielsbeke","SV Ingelmunster A","Substitute Out","Tibo Vandendriessche","SV Ingelmunster A",73,0,2,0,"K.S.C. Wielsbeke"
"https://www.rbfa.be/nl/wedstrijd/7520918","K.S.C. Wielsbeke","SV Ingelmunster A","Goal","Xander Vankeirsbilck","SV Ingelmunster A",75,0,2,1,"K.S.C. Wielsbeke"
"https://www.rbfa.be/nl/wedstrijd/7520918","K.S.C. Wielsbeke","SV Ingelmunster A","Goal","Gilles Van Maeldergem","K.S.C. Wielsbeke",78,1,3,1,"SV Ingelmunster A"
"https://www.rbfa.be/nl/wedstrijd/7520918","K.S.C. Wielsbeke","SV Ingelmunster A","Substitute In","Arne Beeuwsaert","K.S.C. Wielsbeke",85,1,3,1,"SV Ingelmunster A"
"https://www.rbfa.be/nl/wedstrijd/7520918","K.S.C. Wielsbeke","SV Ingelmunster A","Substitute In","Lars De Meester","K.S.C. Wielsbeke",85,1,3,1,"SV Ingelmunster A"
"https://www.rbfa.be/nl/wedstrijd/7520918","K.S.C. Wielsbeke","SV Ingelmunster A","Substitute Out","Thomas Coopman","K.S.C. Wielsbeke",85,1,3,1,"SV Ingelmunster A"
"https://www.rbfa.be/nl/wedstrijd/7520918","K.S.C. Wielsbeke","SV Ingelmunster A","Substitute Out","Berre De Smet","K.S.C. Wielsbeke",85,1,3,1,"SV Ingelmunster A"
"https://www.rbfa.be/nl/wedstrijd/7520921","K. VC Ardooie A","K. Eendr. Wervik A","Penalty","Gregory Hermans","K. VC Ardooie A",1,1,1,0,"K. Eendr. Wervik A"
"https://www.rbfa.be/nl/wedstrijd/7520921","K. VC Ardooie A","K. Eendr. Wervik A","Substitute In","Aiden Lenihan","K. VC Ardooie A",28,1,1,0,"K. Eendr. Wervik A"
"https://www.rbfa.be/nl/wedstrijd/7520921","K. VC Ardooie A","K. Eendr. Wervik A","Substitute Out","Gregory Hermans","K. VC Ardooie A",28,1,1,0,"K. Eendr. Wervik A"
"https://www.rbfa.be/nl/wedstrijd/7520921","K. VC Ardooie A","K. Eendr. Wervik A","Yellow Card","Matisse Maelfait","K. VC Ardooie A",35,1,1,0,"K. Eendr. Wervik A"
"https://www.rbfa.be/nl/wedstrijd/7520921","K. VC Ardooie A","K. Eendr. Wervik A","Substitute In","Billal Debiche","K. Eendr. Wervik A",46,0,1,0,"K. VC Ardooie A"
"https://www.rbfa.be/nl/wedstrijd/7520921","K. VC Ardooie A","K. Eendr. Wervik A","Substitute In","Yann-Moussa André Diallo","K. Eendr. Wervik A",46,0,1,0,"K. VC Ardooie A"
"https://www.rbfa.be/nl/wedstrijd/7520921","K. VC Ardooie A","K. Eendr. Wervik A","Substitute Out","Youssef Bouyfoulkitne","K. Eendr. Wervik A",46,0,1,0,"K. VC Ardooie A"
"https://www.rbfa.be/nl/wedstrijd/7520921","K. VC Ardooie A","K. Eendr. Wervik A","Substitute Out","Abdoul Salam Sow","K. Eendr. Wervik A",46,0,1,0,"K. VC Ardooie A"
"https://www.rbfa.be/nl/wedstrijd/7520921","K. VC Ardooie A","K. Eendr. Wervik A","Yellow Card","Emiel Stevens","K. Eendr. Wervik A",51,0,1,0,"K. VC Ardooie A"
"https://www.rbfa.be/nl/wedstrijd/7520921","K. VC Ardooie A","K. Eendr. Wervik A","Goal","Maxim Ver Eecke","K. VC Ardooie A",55,1,2,0,"K. Eendr. Wervik A"
"https://www.rbfa.be/nl/wedstrijd/7520921","K. VC Ardooie A","K. Eendr. Wervik A","Goal","Aiden Lenihan","K. VC Ardooie A",60,1,3,0,"K. Eendr. Wervik A"
"https://www.rbfa.be/nl/wedstrijd/7520921","K. VC Ardooie A","K. Eendr. Wervik A","Substitute In","Gianluca Cardoen","K. VC Ardooie A",62,1,3,0,"K. Eendr. Wervik A"
"https://www.rbfa.be/nl/wedstrijd/7520921","K. VC Ardooie A","K. Eendr. Wervik A","Substitute In","Edouard Holvoet","K. VC Ardooie A",62,1,3,0,"K. Eendr. Wervik A"
"https://www.rbfa.be/nl/wedstrijd/7520921","K. VC Ardooie A","K. Eendr. Wervik A","Substitute Out","Jordi Loncke","K. VC Ardooie A",62,1,3,0,"K. Eendr. Wervik A"
"https://www.rbfa.be/nl/wedstrijd/7520921","K. VC Ardooie A","K. Eendr. Wervik A","Substitute Out","Lennert Van De Putte","K. VC Ardooie A",62,1,3,0,"K. Eendr. Wervik A"
"https://www.rbfa.be/nl/wedstrijd/7520921","K. VC Ardooie A","K. Eendr. Wervik A","Yellow Card","Bilal Al Ghami","K. Eendr. Wervik A",66,0,3,0,"K. VC Ardooie A"
"https://www.rbfa.be/nl/wedstrijd/7520921","K. VC Ardooie A","K. Eendr. Wervik A","Goal","Aiden Lenihan","K. VC Ardooie A",68,1,4,0,"K. Eendr. Wervik A"
"https://www.rbfa.be/nl/wedstrijd/7520921","K. VC Ardooie A","K. Eendr. Wervik A","Yellow Card","Younes Haci","K. Eendr. Wervik A",73,0,4,0,"K. VC Ardooie A"
"https://www.rbfa.be/nl/wedstrijd/7520921","K. VC Ardooie A","K. Eendr. Wervik A","Substitute In","Adil Haci","K. Eendr. Wervik A",75,0,4,0,"K. VC Ardooie A"
"https://www.rbfa.be/nl/wedstrijd/7520921","K. VC Ardooie A","K. Eendr. Wervik A","Substitute In","Jonathan Harrang","K. Eendr. Wervik A",75,0,4,0,"K. VC Ardooie A"
"https://www.rbfa.be/nl/wedstrijd/7520921","K. VC Ardooie A","K. Eendr. Wervik A","Substitute In","Walid Meftah Ben Abed","K. Eendr. Wervik A",75,0,4,0,"K. VC Ardooie A"
"https://www.rbfa.be/nl/wedstrijd/7520921","K. VC Ardooie A","K. Eendr. Wervik A","Substitute Out","Bilal Al Ghami","K. Eendr. Wervik A",75,0,4,0,"K. VC Ardooie A"
"https://www.rbfa.be/nl/wedstrijd/7520921","K. VC Ardooie A","K. Eendr. Wervik A","Substitute Out","Arthur Crombez","K. Eendr. Wervik A",75,0,4,0,"K. VC Ardooie A"
"https://www.rbfa.be/nl/wedstrijd/7520921","K. VC Ardooie A","K. Eendr. Wervik A","Substitute Out","Neil Serbouh","K. Eendr. Wervik A",75,0,4,0,"K. VC Ardooie A"
"https://www.rbfa.be/nl/wedstrijd/7520921","K. VC Ardooie A","K. Eendr. Wervik A","Yellow Card","Guillaume Tournicourt","K. VC Ardooie A",78,1,4,0,"K. Eendr. Wervik A"
"https://www.rbfa.be/nl/wedstrijd/7520921","K. VC Ardooie A","K. Eendr. Wervik A","Substitute In","Brian Depondt","K. VC Ardooie A",79,1,4,0,"K. Eendr. Wervik A"
"https://www.rbfa.be/nl/wedstrijd/7520921","K. VC Ardooie A","K. Eendr. Wervik A","Substitute In","Milan Rudy Deprest","K. VC Ardooie A",79,1,4,0,"K. Eendr. Wervik A"
"https://www.rbfa.be/nl/wedstrijd/7520921","K. VC Ardooie A","K. Eendr. Wervik A","Substitute Out","Noah Dumortier","K. VC Ardooie A",79,1,4,0,"K. Eendr. Wervik A"
"https://www.rbfa.be/nl/wedstrijd/7520921","K. VC Ardooie A","K. Eendr. Wervik A","Substitute Out","Guillaume Tournicourt","K. VC Ardooie A",79,1,4,0,"K. Eendr. Wervik A"
"https://www.rbfa.be/nl/wedstrijd/7520921","K. VC Ardooie A","K. Eendr. Wervik A","Yellow Card","Geoffrey Coppin","K. Eendr. Wervik A",79,0,4,0,"K. VC Ardooie A"
"https://www.rbfa.be/nl/wedstrijd/7520921","K. VC Ardooie A","K. Eendr. Wervik A","Yellow Card","Dylan Olievier","K. Eendr. Wervik A",80,0,4,0,"K. VC Ardooie A"
"https://www.rbfa.be/nl/wedstrijd/7520921","K. VC Ardooie A","K. Eendr. Wervik A","Yellow Card","Milan Rudy Deprest","K. VC Ardooie A",88,1,4,0,"K. Eendr. Wervik A"
"https://www.rbfa.be/nl/wedstrijd/7520917","K. SK Beveren-Leie A","K.R.C. Waregem A","Yellow Card","Yani Desmet","K. SK Beveren-Leie A",16,1,0,0,"K.R.C. Waregem A"
"https://www.rbfa.be/nl/wedstrijd/7520917","K. SK Beveren-Leie A","K.R.C. Waregem A","Substitute In","Robbe Debue","K.R.C. Waregem A",30,0,0,0,"K. SK Beveren-Leie A"
"https://www.rbfa.be/nl/wedstrijd/7520917","K. SK Beveren-Leie A","K.R.C. Waregem A","Substitute Out","Mathis Lievens","K.R.C. Waregem A",30,0,0,0,"K. SK Beveren-Leie A"
"https://www.rbfa.be/nl/wedstrijd/7520917","K. SK Beveren-Leie A","K.R.C. Waregem A","Yellow Card","Gianni Sobrie","K. SK Beveren-Leie A",55,1,0,0,"K.R.C. Waregem A"
"https://www.rbfa.be/nl/wedstrijd/7520917","K. SK Beveren-Leie A","K.R.C. Waregem A","Substitute In","Matteo Dujardin","K.R.C. Waregem A",55,0,0,0,"K. SK Beveren-Leie A"
"https://www.rbfa.be/nl/wedstrijd/7520917","K. SK Beveren-Leie A","K.R.C. Waregem A","Substitute Out","Emiel Delmulle","K.R.C. Waregem A",55,0,0,0,"K. SK Beveren-Leie A"
"https://www.rbfa.be/nl/wedstrijd/7520917","K. SK Beveren-Leie A","K.R.C. Waregem A","Goal","Siebe Depraetere","K.R.C. Waregem A",56,0,0,1,"K. SK Beveren-Leie A"
"https://www.rbfa.be/nl/wedstrijd/7520917","K. SK Beveren-Leie A","K.R.C. Waregem A","Yellow Card","Alessandro Dujardin","K. SK Beveren-Leie A",68,1,0,1,"K.R.C. Waregem A"
"https://www.rbfa.be/nl/wedstrijd/7520917","K. SK Beveren-Leie A","K.R.C. Waregem A","Yellow Card","Matteo Dujardin","K.R.C. Waregem A",75,0,0,1,"K. SK Beveren-Leie A"
"https://www.rbfa.be/nl/wedstrijd/7520917","K. SK Beveren-Leie A","K.R.C. Waregem A","Substitute In","Rimas Vande Vyver","K. SK Beveren-Leie A",84,1,0,1,"K.R.C. Waregem A"
"https://www.rbfa.be/nl/wedstrijd/7520917","K. SK Beveren-Leie A","K.R.C. Waregem A","Substitute In","Baptiste Vandoorne","K. SK Beveren-Leie A",84,1,0,1,"K.R.C. Waregem A"
"https://www.rbfa.be/nl/wedstrijd/7520917","K. SK Beveren-Leie A","K.R.C. Waregem A","Substitute Out","Bryan Khetta","K. SK Beveren-Leie A",84,1,0,1,"K.R.C. Waregem A"
"https://www.rbfa.be/nl/wedstrijd/7520917","K. SK Beveren-Leie A","K.R.C. Waregem A","Substitute Out","Dmitry Konstantinovich Kryzhanovskiy","K. SK Beveren-Leie A",84,1,0,1,"K.R.C. Waregem A"
"https://www.rbfa.be/nl/wedstrijd/7520917","K. SK Beveren-Leie A","K.R.C. Waregem A","Substitute In","Kengi Callens","K.R.C. Waregem A",84,0,0,1,"K. SK Beveren-Leie A"
"https://www.rbfa.be/nl/wedstrijd/7520917","K. SK Beveren-Leie A","K.R.C. Waregem A","Substitute In","Leko Albert Verbauwhede","K.R.C. Waregem A",84,0,0,1,"K. SK Beveren-Leie A"
"https://www.rbfa.be/nl/wedstrijd/7520917","K. SK Beveren-Leie A","K.R.C. Waregem A","Substitute Out","Simon Vandenabeele","K.R.C. Waregem A",84,0,0,1,"K. SK Beveren-Leie A"
"https://www.rbfa.be/nl/wedstrijd/7520917","K. SK Beveren-Leie A","K.R.C. Waregem A","Substitute Out","Tjardo Vanderghinste","K.R.C. Waregem A",84,0,0,1,"K. SK Beveren-Leie A"
"https://www.rbfa.be/nl/wedstrijd/7520917","K. SK Beveren-Leie A","K.R.C. Waregem A","Substitute In","Jari Longueville","K. SK Beveren-Leie A",88,1,0,1,"K.R.C. Waregem A"
"https://www.rbfa.be/nl/wedstrijd/7520917","K. SK Beveren-Leie A","K.R.C. Waregem A","Substitute Out","Safouane Rahhab","K. SK Beveren-Leie A",88,1,0,1,"K.R.C. Waregem A"
"https://www.rbfa.be/nl/wedstrijd/7520917","K. SK Beveren-Leie A","K.R.C. Waregem A","Yellow Card","Denzel Van Fleteren","K.R.C. Waregem A",90,0,0,1,"K. SK Beveren-Leie A"