Team,Speler,Selecties,Gestart,Ingevallen,Vervangen,Speelminuten,Goals,Penalties,Own Goals,Geel,Dubbelgeel,Rood,Clean sheets,Kapitein,Type,MVP p>20/90min,Goals/90min,Geel/90min,Selecties L5,Gestart L5,Ingevallen L5,Vervangen L5,Speelminuten L5,Goals L5,Penalties L5,Own goals L5,Geel L5,Dubbelgeel L5,Rood L5,Clean sheet L5,Kapitein L5,RAPM_per90,RAPM_off_per90,RAPM_def_per90,RAPM_SE_per90,RAPM_CI_low,RAPM_CI_high,RAPM_z,xPPM_per90,xPPM_SE,xPPM_CI_low,xPPM_CI_high,xPPM_z
Club Roeselare,Arne Hélin,6,6,0,1,528,0,0,0,0,0,0,0,6,Speler,0.426,0.0,0.0,5,5,0,1,438,0,0,0,0,0,0,0,5,0.036,0.041,0.041,2.724,-5.303,5.375,0.01,0.131,1.456,-2.723,2.984,0.09
Club Roeselare,Bram Helin,6,6,0,0,540,2,0,0,3,0,0,0,0,Speler,0.417,0.333,0.5,5,5,0,0,450,2,0,0,3,0,0,0,0,0.038,0.02,0.02,2.808,-5.465,5.542,0.01,0.12,1.488,-2.796,3.035,0.08
Club Roeselare,Brent Mandeville,3,0,2,0,51,0,0,0,1,0,0,0,0,Speler,0.284,0.0,1.765,2,0,2,0,51,0,0,0,1,0,0,0,0,-0.172,-0.154,-0.154,2.646,-5.359,5.014,-0.07,-0.05,1.438,-2.869,2.768,-0.04
Club Roeselare,Cedric Makekula Mitu Muendele,6,6,0,4,507,1,0,0,0,0,0,0,0,Speler,0.418,0.178,0.0,5,5,0,3,420,1,0,0,0,0,0,0,0,0.275,0.311,0.311,2.574,-4.769,5.32,0.11,0.237,1.399,-2.505,2.979,0.17
Club Roeselare,Gauthier Vandesteene,6,6,0,0,540,0,0,0,0,0,0,1,0,Keeper,0.417,0.0,0.0,5,5,0,0,450,0,0,0,0,0,0,1,0,0.038,0.02,0.02,2.808,-5.465,5.542,0.01,0.12,1.488,-2.796,3.035,0.08
Club Roeselare,Gianni Vandecasteele,6,2,4,2,283,0,0,0,0,0,0,0,0,Speler,0.419,0.0,0.0,5,1,4,1,214,0,0,0,0,0,0,0,0,0.425,0.167,0.167,2.067,-3.627,4.477,0.21,-0.28,1.181,-2.595,2.036,-0.24
Club Roeselare,Gilles Decuyper,5,2,3,1,215,0,0,0,1,0,0,0,0,Speler,0.448,0.0,0.419,5,2,3,1,215,0,0,0,1,0,0,0,0,1.03,0.769,0.769,2.391,-3.656,5.716,0.43,0.77,1.314,-1.805,3.345,0.59
Club Roeselare,Jean-Baptiste Johan Devolder,1,1,0,1,46,0,0,0,0,0,0,0,0,Speler,0.5,0.0,0.0,1,1,0,1,46,0,0,0,0,0,0,0,0,0.473,0.19,0.19,2.683,-4.786,5.732,0.18,0.107,1.452,-2.739,2.953,0.07
Club Roeselare,Jean-Yves Roger Devolder,1,0,1,0,4,0,0,0,0,0,0,0,0,Speler,0.0,0.0,0.0,1,0,1,0,4,0,0,0,0,0,0,0,0,-0.171,-0.15,-0.15,2.928,-5.909,5.567,-0.06,-0.062,1.558,-3.115,2.991,-0.04
Club Roeselare,Jobbe Dekimpe,2,2,0,1,121,0,0,0,0,0,0,0,0,Speler,0.5,0.0,0.0,1,1,0,1,31,0,0,0,0,0,0,0,0,0.029,-0.004,-0.004,2.569,-5.005,5.064,0.01,0.081,1.398,-2.659,2.821,0.06
Club Roeselare,Jordin Nico Decorte,4,0,0,0,0,0,0,0,0,0,0,0,0,Keeper,0.0,0.0,0.0,4,0,0,0,0,0,0,0,0,0,0,0,0,,,,,,,,,,,,
Club Roeselare,Lauden Hugelier,6,6,0,0,540,1,0,0,0,0,0,0,0,Speler,0.417,0.167,0.0,5,5,0,0,450,1,0,0,0,0,0,0,0,0.038,0.02,0.02,2.808,-5.465,5.542,0.01,0.12,1.488,-2.796,3.035,0.08
Club Roeselare,Mauro Dumoulin,4,2,2,2,172,0,0,0,0,0,0,0,0,Speler,0.192,0.0,0.0,3,2,1,2,169,0,0,0,0,0,0,0,0,-2.099,-1.238,-1.238,2.221,-6.453,2.255,-0.94,-1.068,1.254,-3.525,1.389,-0.85
Club Roeselare,Michiel Verlinde,6,5,1,0,478,0,0,0,1,0,0,0,0,Speler,0.406,0.0,0.188,5,5,0,0,450,0,0,0,1,0,0,0,0,-0.147,-0.132,-0.132,2.565,-5.176,4.881,-0.06,-0.007,1.391,-2.734,2.72,-0.0
Club Roeselare,Mohamedamin El Issati,3,0,3,0,37,0,0,0,0,0,0,0,0,Speler,0.0,0.0,0.0,3,0,3,0,37,0,0,0,0,0,0,0,0,0.445,0.205,0.205,2.646,-4.742,5.632,0.17,0.705,1.443,-2.124,3.534,0.49
Club Roeselare,Remi De Vlieghe,1,0,0,0,0,0,0,0,0,0,0,0,0,Speler,0.0,0.0,0.0,1,0,0,0,0,0,0,0,0,0,0,0,0,,,,,,,,,,,,
Club Roeselare,Robbie Bolombo,3,0,3,0,59,0,0,0,1,0,0,0,0,Speler,0.532,0.0,1.525,3,0,3,0,59,0,0,0,1,0,0,0,0,0.623,0.576,0.576,2.532,-4.339,5.586,0.25,0.668,1.392,-2.061,3.397,0.48
Club Roeselare,Sam Vanhuyse,5,4,1,3,346,1,0,0,1,0,0,0,0,Speler,0.257,0.26,0.26,4,3,1,2,277,1,0,0,0,0,0,0,0,-0.708,-0.588,-0.588,2.107,-4.837,3.421,-0.34,-0.668,1.192,-3.005,1.668,-0.56
Club Roeselare,Sebastiaan Maesen,2,2,0,2,80,0,0,0,1,0,0,0,0,Speler,0.5,0.0,1.125,1,1,0,1,18,0,0,0,0,0,0,0,0,-0.116,-0.123,-0.123,2.599,-5.21,4.978,-0.04,0.055,1.418,-2.725,2.835,0.04
Club Roeselare,Simon Demeulenaere,3,2,1,2,156,0,0,0,0,0,0,0,0,Speler,0.577,0.0,0.0,3,2,1,2,156,0,0,0,0,0,0,0,0,0.85,0.72,0.72,2.446,-3.945,5.645,0.35,1.014,1.345,-1.622,3.651,0.75
Club Roeselare,Simon Verlinde,6,6,0,3,467,0,0,0,0,0,0,0,0,Speler,0.338,0.0,0.0,5,5,0,3,377,0,0,0,0,0,0,0,0,-0.644,-0.473,-0.473,2.414,-5.375,4.087,-0.27,-0.744,1.331,-3.352,1.864,-0.56
Club Roeselare,Tristan Prinsier,1,0,1,0,21,0,0,0,0,0,0,0,0,Speler,0.5,0.0,0.0,0,0,0,0,0,0,0,0,0,0,0,0,0,0.018,-0.064,-0.064,2.775,-5.421,5.456,0.01,-0.056,1.496,-2.988,2.875,-0.04
Club Roeselare,Vincent Provoost,6,4,2,0,440,0,0,0,1,0,0,0,0,Speler,0.433,0.0,0.205,5,4,1,0,419,0,0,0,1,0,0,0,0,0.027,-0.04,-0.04,2.511,-4.895,4.948,0.01,-0.018,1.365,-2.694,2.658,-0.01
Club Roeselare,Yoran Deleu,4,4,0,2,309,1,0,0,1,0,0,0,0,Speler,0.39,0.291,0.291,3,3,0,2,219,0,0,0,1,0,0,0,0,0.132,0.147,0.147,2.353,-4.48,4.744,0.06,0.14,1.296,-2.4,2.68,0.11
FC Sp. Heestert A,Aaron Balcaen,6,6,0,0,540,1,0,0,1,0,0,0,0,Speler,0.167,0.167,0.167,5,5,0,0,450,1,0,0,1,0,0,0,0,-0.282,-0.116,-0.116,2.814,-5.798,5.234,-0.1,-0.109,1.49,-3.03,2.811,-0.07
FC Sp. Heestert A,Adrien Michel Hermant,4,4,0,1,354,1,0,0,0,0,0,0,0,Speler,0.254,0.254,0.0,3,3,0,0,270,1,0,0,0,0,0,0,0,0.124,-0.006,-0.006,2.456,-4.69,4.938,0.05,-0.216,1.334,-2.831,2.399,-0.16
FC Sp. Heestert A,Aristote Madiani,6,5,1,2,430,0,0,0,2,0,0,0,0,Speler,0.158,0.0,0.419,5,4,1,2,340,0,0,0,1,0,0,0,0,-0.389,-0.326,-0.326,2.359,-5.012,4.235,-0.16,0.208,1.302,-2.344,2.76,0.16
FC Sp. Heestert A,Arjen Ysenbaert,5,0,0,0,0,0,0,0,0,0,0,0,0,Keeper,0.0,0.0,0.0,4,0,0,0,0,0,0,0,0,0,0,0,0,,,,,,,,,,,,
FC Sp. Heestert A,Arthur Hugelier,1,0,0,0,0,0,0,0,0,0,0,0,0,Speler,0.0,0.0,0.0,1,0,0,0,0,0,0,0,0,0,0,0,0,,,,,,,,,,,,
FC Sp. Heestert A,Dries Loosveldt,6,4,2,3,299,0,0,0,1,0,0,0,0,Speler,0.111,0.0,0.301,5,3,2,2,236,0,0,0,1,0,0,0,0,0.082,-0.148,-0.148,2.245,-4.319,4.483,0.04,-0.066,1.256,-2.528,2.396,-0.05
FC Sp. Heestert A,Dré Acx,1,0,0,0,0,0,0,0,0,0,0,0,0,Keeper,0.0,0.0,0.0,1,0,0,0,0,0,0,0,0,0,0,0,0,,,,,,,,,,,,
FC Sp. Heestert A,Dylan David Bourquin,6,6,0,0,540,0,0,0,2,0,0,0,0,Speler,0.167,0.0,0.333,5,5,0,0,450,0,0,0,2,0,0,0,0,-0.282,-0.116,-0.116,2.814,-5.798,5.234,-0.1,-0.109,1.49,-3.03,2.811,-0.07
FC Sp. Heestert A,Emmanuel Abew Asamoah,5,2,1,0,195,0,0,0,0,0,0,0,0,Speler,0.0,0.0,0.0,4,2,1,0,195,0,0,0,0,0,0,0,0,-0.355,-0.103,-0.103,2.445,-5.148,4.438,-0.15,0.151,1.332,-2.46,2.763,0.11
FC Sp. Heestert A,Fries Legein,5,5,0,0,450,0,0,0,1,0,0,0,0,Speler,0.0,0.0,0.2,4,4,0,0,360,0,0,0,0,0,0,0,0,-0.431,-0.178,-0.178,2.609,-5.543,4.682,-0.17,-0.392,1.4,-3.136,2.352,-0.28
FC Sp. Heestert A,Imad Zmimer,3,1,2,1,125,0,0,0,1,0,0,0,0,Speler,0.0,0.0,0.72,3,1,2,1,125,0,0,0,1,0,0,0,0,-0.175,0.086,0.086,2.386,-4.85,4.501,-0.07,0.272,1.323,-2.321,2.866,0.21
FC Sp. Heestert A,Jeremy Brogniez,2,2,0,0,180,0,0,0,0,0,0,0,0,Speler,0.0,0.0,0.0,1,1,0,0,90,0,0,0,0,0,0,0,0,0.247,0.073,0.073,2.493,-4.639,5.132,0.1,-0.345,1.36,-3.01,2.32,-0.25
FC Sp. Heestert A,Jeremy Guido Brogniez,4,4,0,3,340,0,0,0,1,0,0,0,0,Speler,0.25,0.0,0.265,4,4,0,3,340,0,0,0,1,0,0,0,0,-0.862,-0.521,-0.521,2.426,-5.617,3.894,-0.36,-0.043,1.327,-2.644,2.557,-0.03
FC Sp. Heestert A,Lenny Rassalle,6,2,3,1,183,0,0,0,0,0,0,0,0,Speler,0.577,0.0,0.0,5,2,2,1,180,0,0,0,0,0,0,0,0,0.271,0.363,0.363,2.335,-4.305,4.847,0.12,0.015,1.293,-2.52,2.55,0.01
FC Sp. Heestert A,Louis Callewier,4,1,2,1,77,0,0,0,0,0,0,0,0,Speler,0.0,0.0,0.0,3,1,1,1,71,0,0,0,0,0,0,0,0,-0.44,-0.175,-0.175,2.522,-5.384,4.504,-0.17,-0.072,1.387,-2.791,2.647,-0.05
FC Sp. Heestert A,Mattice Bekaert,6,6,0,1,537,1,0,0,0,0,0,0,0,Speler,0.168,0.168,0.0,5,5,0,0,450,1,0,0,0,0,0,0,0,0.381,0.479,0.479,2.768,-5.044,5.805,0.14,-0.136,1.474,-3.024,2.753,-0.09
FC Sp. Heestert A,Mauro Mercher,5,5,0,1,435,1,0,0,2,0,0,0,0,Speler,0.207,0.207,0.414,4,4,0,1,345,1,0,0,2,0,0,0,0,-0.313,-0.222,-0.222,2.526,-5.264,4.639,-0.12,-0.001,1.37,-2.686,2.685,-0.0
FC Sp. Heestert A,Nicolas Gheeraert,6,6,0,1,535,0,0,0,0,0,0,0,0,Speler,0.168,0.0,0.0,5,5,0,1,445,0,0,0,0,0,0,0,0,-0.508,-0.325,-0.325,2.76,-5.918,4.902,-0.18,-0.195,1.471,-3.078,2.687,-0.13
FC Sp. Heestert A,Niels Stael,4,0,3,0,59,0,0,0,0,0,0,0,0,Speler,0.25,0.0,0.0,3,0,2,0,32,0,0,0,0,0,0,0,0,-0.519,-0.424,-0.424,2.547,-5.51,4.473,-0.2,-0.35,1.399,-3.092,2.391,-0.25
FC Sp. Heestert A,Pieter Vangheluwe,1,1,0,1,77,0,0,0,0,0,0,0,1,Speler,1.0,0.0,0.0,1,1,0,1,77,0,0,0,0,0,0,0,1,0.34,0.314,0.314,2.702,-4.957,5.636,0.13,0.379,1.456,-2.475,3.232,0.26
FC Sp. Heestert A,Sander Dejonghe,1,0,0,0,0,0,0,0,0,0,0,0,0,Speler,0.0,0.0,0.0,1,0,0,0,0,0,0,0,0,0,0,0,0,,,,,,,,,,,,
FC Sp. Heestert A,Tom Thieren,6,6,0,0,540,0,0,0,0,0,0,0,5,Keeper,0.167,0.0,0.0,5,5,0,0,450,0,0,0,0,0,0,0,4,-0.282,-0.116,-0.116,2.814,-5.798,5.234,-0.1,-0.109,1.49,-3.03,2.811,-0.07
FC Sp. Heestert A,Yanis Khefif,2,0,2,0,44,0,0,0,0,0,0,0,0,Speler,0.75,0.0,0.0,2,0,2,0,44,0,0,0,0,0,0,0,0,0.292,0.188,0.188,2.662,-4.926,5.509,0.11,-0.086,1.446,-2.919,2.747,-0.06
K. Eendr. Wervik A,Abdoul Salam Sow,6,5,1,4,354,0,0,0,1,0,0,0,0,Speler,0.254,0.0,0.254,5,4,1,3,308,0,0,0,1,0,0,0,0,0.008,0.08,0.08,2.322,-4.544,4.56,0.0,-0.468,1.289,-2.995,2.058,-0.36
K. Eendr. Wervik A,Adil Haci,5,0,4,0,79,0,0,0,0,0,0,0,0,Speler,0.0,0.0,0.0,4,0,3,0,64,0,0,0,0,0,0,0,0,0.061,0.063,0.063,2.562,-4.961,5.083,0.02,0.218,1.398,-2.522,2.958,0.16
K. Eendr. Wervik A,Arthur Crombez,6,6,0,2,508,0,0,0,1,0,0,0,0,Speler,0.072,0.0,0.177,5,5,0,1,433,0,0,0,1,0,0,0,0,-1.139,-0.811,-0.811,2.632,-6.297,4.019,-0.43,-0.43,1.417,-3.208,2.348,-0.3
K. Eendr. Wervik A,Bilal Al Ghami,6,4,1,4,275,1,0,0,1,0,0,0,0,Speler,0.248,0.327,0.327,5,3,1,3,200,1,0,0,0,0,0,0,0,-1.001,-0.651,-0.651,2.349,-5.605,3.604,-0.43,-0.531,1.299,-3.076,2.014,-0.41
K. Eendr. Wervik A,Bilal El Houcine Belghaouar,2,1,1,0,134,0,0,0,0,0,0,0,0,Speler,0.0,0.0,0.0,2,1,1,0,134,0,0,0,0,0,0,0,0,-1.153,-0.997,-0.997,2.395,-5.848,3.541,-0.48,-0.786,1.326,-3.385,1.813,-0.59
K. Eendr. Wervik A,Billal Debiche,2,0,2,0,54,0,0,0,0,0,0,0,0,Speler,0.0,0.0,0.0,1,0,1,0,10,0,0,0,0,0,0,0,0,-1.818,-1.417,-1.417,2.643,-6.999,3.363,-0.69,-1.008,1.437,-3.824,1.808,-0.7
K. Eendr. Wervik A,David-Emanuel Savu,1,0,0,0,0,0,0,0,0,0,0,0,0,Speler,0.0,0.0,0.0,1,0,0,0,0,0,0,0,0,0,0,0,0,,,,,,,,,,,,
K. Eendr. Wervik A,Dylan Olievier,6,6,0,0,540,0,0,0,1,0,0,1,0,Keeper,0.083,0.0,0.167,5,5,0,0,450,0,0,0,0,0,0,1,0,-0.314,-0.168,-0.168,2.806,-5.815,5.186,-0.11,-0.217,1.487,-3.13,2.697,-0.15
K. Eendr. Wervik A,Emiel Stevens,6,6,0,0,540,0,0,0,1,0,0,0,6,Speler,0.083,0.0,0.167,5,5,0,0,450,0,0,0,0,0,0,0,5,-0.314,-0.168,-0.168,2.806,-5.815,5.186,-0.11,-0.217,1.487,-3.13,2.697,-0.15
K. Eendr. Wervik A,Geoffrey Coppin,6,6,0,2,517,0,0,0,1,0,0,0,0,Speler,0.164,0.0,0.174,5,5,0,2,427,0,0,0,0,0,0,0,0,0.545,0.368,0.368,2.63,-4.61,5.7,0.21,0.472,1.422,-2.314,3.259,0.33
K. Eendr. Wervik A,Jonathan Harrang,4,1,3,0,147,0,0,0,0,0,0,0,0,Speler,0.105,0.0,0.0,3,1,2,0,132,0,0,0,0,0,0,0,0,0.161,0.291,0.291,2.398,-4.539,4.86,0.07,0.254,1.322,-2.337,2.844,0.19
K. Eendr. Wervik A,Joseph Sylla,1,1,0,1,73,0,0,0,0,0,0,0,0,Speler,0.5,0.0,0.0,1,1,0,1,73,0,0,0,0,0,0,0,0,1.023,0.752,0.752,2.685,-4.239,6.285,0.38,0.437,1.443,-2.391,3.266,0.3
K. Eendr. Wervik A,Kamal Diaz Jlal,5,0,4,0,70,0,0,0,0,0,0,0,0,Speler,0.5,0.0,0.0,5,0,4,0,70,0,0,0,0,0,0,0,0,-0.326,-0.08,-0.08,2.509,-5.243,4.592,-0.13,-0.38,1.383,-3.09,2.33,-0.27
K. Eendr. Wervik A,Maxim Driessens,4,0,0,0,0,0,0,0,0,0,0,0,0,Keeper,0.0,0.0,0.0,4,0,0,0,0,0,0,0,0,0,0,0,0,,,,,,,,,,,,
K. Eendr. Wervik A,Neil Serbouh,6,6,0,3,497,0,0,0,0,0,0,0,0,Speler,0.176,0.0,0.0,5,5,0,2,422,0,0,0,0,0,0,0,0,0.816,0.685,0.685,2.554,-4.19,5.822,0.32,0.497,1.391,-2.23,3.224,0.36
K. Eendr. Wervik A,Olivann Bossom,6,6,0,0,540,0,0,0,1,0,0,0,0,Speler,0.083,0.0,0.167,5,5,0,0,450,0,0,0,1,0,0,0,0,-0.314,-0.168,-0.168,2.806,-5.815,5.186,-0.11,-0.217,1.487,-3.13,2.697,-0.15
K. Eendr. Wervik A,Quentin Christophe Despringre,4,4,0,0,360,0,0,0,0,0,0,0,0,Speler,0.0,0.0,0.0,3,3,0,0,270,0,0,0,0,0,0,0,0,-1.413,-0.992,-0.992,2.372,-6.063,3.237,-0.6,-0.862,1.305,-3.42,1.696,-0.66
K. Eendr. Wervik A,Walid Meftah Ben Abed,1,0,1,0,15,0,0,0,0,0,0,0,0,Speler,0.0,0.0,0.0,0,0,0,0,0,0,0,0,0,0,0,0,0,0.585,0.513,0.513,2.851,-5.003,6.174,0.21,0.222,1.526,-2.768,3.212,0.15
K. Eendr. Wervik A,Yanis Gaci,4,2,2,2,196,1,0,0,0,0,0,0,0,Speler,0.357,0.459,0.0,4,2,2,2,196,1,0,0,0,0,0,0,0,0.661,0.626,0.626,2.315,-3.877,5.199,0.29,0.457,1.283,-2.058,2.972,0.36
K. Eendr. Wervik A,Yann-Moussa André Diallo,4,1,3,1,135,0,0,0,0,0,0,0,0,Speler,0.341,0.0,0.0,3,1,2,1,91,0,0,0,0,0,0,0,0,-1.094,-0.814,-0.814,2.419,-5.835,3.648,-0.45,-0.154,1.334,-2.768,2.46,-0.12
K. Eendr. Wervik A,Younes Haci,5,5,0,0,450,0,0,0,2,0,0,0,0,Speler,0.1,0.0,0.4,4,4,0,0,360,0,0,0,1,0,0,0,0,0.54,0.286,0.286,2.52,-4.398,5.479,0.21,-0.168,1.362,-2.838,2.502,-0.12
K. Eendr. Wervik A,Youssef Bouyfoulkitne,6,6,0,3,456,0,0,0,2,0,0,0,0,Speler,0.173,0.0,0.395,5,5,0,2,410,0,0,0,2,0,0,0,0,1.028,0.755,0.755,2.457,-3.787,5.843,0.42,0.497,1.346,-2.141,3.135,0.37
K. FC Heist A,Bixenti Ducoulombier,4,1,3,1,174,0,0,0,0,0,0,0,0,Speler,0.094,0.0,0.0,3,1,2,1,144,0,0,0,0,0,0,0,0,-0.507,-0.254,-0.254,2.268,-4.952,3.937,-0.22,-0.189,1.268,-2.675,2.296,-0.15
K. FC Heist A,Bram De Baets,2,0,0,0,0,0,0,0,0,0,0,0,0,Keeper,0.0,0.0,0.0,1,0,0,0,0,0,0,0,0,0,0,0,0,,,,,,,,,,,,
K. FC Heist A,Brecht Timmerman,5,5,0,3,396,0,0,0,0,0,0,0,0,Speler,0.513,0.0,0.0,4,4,0,3,306,0,0,0,0,0,0,0,0,1.213,1.043,1.043,2.447,-3.584,6.01,0.5,0.764,1.34,-1.861,3.39,0.57
K. FC Heist A,Bruno Delhaye,4,2,2,2,215,0,0,0,0,0,0,0,0,Speler,0.405,0.0,0.0,4,2,2,2,215,0,0,0,0,0,0,0,0,1.376,1.08,1.08,2.273,-3.078,5.831,0.61,0.6,1.263,-1.875,3.075,0.48
K. FC Heist A,Dante Ovyn,1,0,1,0,20,0,0,0,0,0,0,0,0,Speler,0.0,0.0,0.0,1,0,1,0,20,0,0,0,0,0,0,0,0,0.086,0.067,0.067,2.803,-5.409,5.58,0.03,-0.532,1.506,-3.483,2.419,-0.35
K. FC Heist A,Diaz Denise Axelsson De Baets,5,2,2,2,154,0,0,0,0,0,0,0,0,Speler,0.33,0.0,0.0,4,1,2,1,65,0,0,0,0,0,0,0,0,-0.564,-0.384,-0.384,2.359,-5.187,4.06,-0.24,-0.652,1.313,-3.225,1.922,-0.5
K. FC Heist A,Jan Claessens,6,6,0,3,514,0,0,0,0,0,0,0,0,Speler,0.341,0.0,0.0,5,5,0,2,433,0,0,0,0,0,0,0,0,-0.546,-0.45,-0.45,2.64,-5.721,4.629,-0.21,-0.333,1.424,-3.124,2.459,-0.23
K. FC Heist A,Jarne Vancompernolle,3,2,1,1,185,0,0,0,0,0,0,0,0,Speler,0.486,0.0,0.0,3,2,1,1,185,0,0,0,0,0,0,0,0,1.023,0.502,0.502,2.436,-3.752,5.797,0.42,0.981,1.332,-1.629,3.592,0.74
K. FC Heist A,Jarno Boone,5,5,0,1,405,0,0,0,1,0,0,0,0,Speler,0.222,0.0,0.222,5,5,0,1,405,0,0,0,1,0,0,0,0,0.343,0.27,0.27,2.373,-4.308,4.994,0.14,-0.179,1.306,-2.738,2.38,-0.14
K. FC Heist A,Jasper Réginald Verhofstede,1,0,1,0,20,0,0,0,0,0,0,0,0,Speler,0.0,0.0,0.0,1,0,1,0,20,0,0,0,0,0,0,0,0,0.086,0.067,0.067,2.803,-5.409,5.58,0.03,-0.532,1.506,-3.483,2.419,-0.35
K. FC Heist A,Kjell Delos,4,0,4,0,61,0,0,0,1,0,0,0,0,Speler,1.0,0.0,1.475,3,0,3,0,60,0,0,0,1,0,0,0,0,1.453,1.103,1.103,2.6,-3.644,6.55,0.56,0.095,1.419,-2.686,2.876,0.07
K. FC Heist A,Lenny Frank Buyl,3,2,1,0,192,1,0,0,0,0,0,0,0,Speler,0.25,0.469,0.0,3,2,1,0,192,1,0,0,0,0,0,0,0,0.258,0.377,0.377,2.468,-4.58,5.097,0.1,0.144,1.347,-2.496,2.785,0.11
K. FC Heist A,Marwane El Houfi,4,0,3,0,19,0,0,0,0,0,0,0,0,Speler,0.0,0.0,0.0,3,0,2,0,10,0,0,0,0,0,0,0,0,0.78,0.571,0.571,2.767,-4.643,6.203,0.28,0.248,1.494,-2.681,3.177,0.17
K. FC Heist A,Miguel De Block,6,6,0,0,540,0,0,0,0,0,0,2,0,Keeper,0.333,0.0,0.0,5,5,0,0,450,0,0,0,0,0,0,1,0,0.336,0.242,0.242,2.798,-5.149,5.821,0.12,0.026,1.483,-2.881,2.934,0.02
K. FC Heist A,Pascal Ohiaeri,1,0,1,0,9,0,0,0,0,0,0,0,0,Speler,0.0,0.0,0.0,0,0,0,0,0,0,0,0,0,0,0,0,0,-0.092,-0.13,-0.13,2.875,-5.728,5.543,-0.03,0.028,1.537,-2.985,3.041,0.02
K. FC Heist A,Quirino Raes,5,5,0,2,406,0,0,0,0,0,1,0,0,Speler,0.296,0.0,0.0,4,4,0,2,316,0,0,0,0,0,1,0,0,-0.221,-0.29,-0.29,2.488,-5.098,4.656,-0.09,0.302,1.348,-2.341,2.944,0.22
K. FC Heist A,Tenas Virgili,5,1,4,1,140,2,0,0,1,0,0,0,0,Speler,0.5,1.286,0.643,4,0,4,0,80,2,0,0,0,0,0,0,0,-0.01,-0.026,-0.026,2.342,-4.601,4.581,-0.0,0.034,1.301,-2.515,2.583,0.03
K. FC Heist A,Thibo Gies,6,6,0,2,496,0,0,0,1,0,0,0,0,Speler,0.348,0.0,0.181,5,5,0,2,406,0,0,0,1,0,0,0,0,-1.254,-1.05,-1.05,2.643,-6.435,3.927,-0.47,-0.119,1.42,-2.903,2.664,-0.08
K. FC Heist A,Thomas Vuyts,6,6,0,2,500,2,0,0,0,0,0,0,0,Speler,0.345,0.36,0.0,5,5,0,2,410,2,0,0,0,0,0,0,0,-0.205,-0.098,-0.098,2.653,-5.405,4.995,-0.08,-0.287,1.425,-3.08,2.505,-0.2
K. FC Heist A,Tiago Dejaegher,2,0,1,0,15,0,0,0,0,0,0,0,0,Speler,0.0,0.0,0.0,2,0,1,0,15,0,0,0,0,0,0,0,0,0.034,0.031,0.031,2.83,-5.513,5.581,0.01,0.001,1.518,-2.975,2.977,0.0
K. FC Heist A,Tibo Andries,5,5,0,2,429,2,0,0,1,0,0,0,0,Speler,0.409,0.42,0.21,4,4,0,1,348,2,0,0,1,0,0,0,0,-0.407,-0.335,-0.335,2.523,-5.351,4.538,-0.16,-0.239,1.368,-2.92,2.443,-0.17
K. FC Heist A,Xander Timmerman,6,6,0,2,510,0,0,1,0,0,0,0,0,Speler,0.353,0.0,0.0,5,5,0,2,420,0,0,1,0,0,0,0,0,0.214,0.143,0.143,2.605,-4.892,5.321,0.08,0.091,1.41,-2.674,2.855,0.06
K. FC Heist A,Yoni Delporte,6,6,0,0,540,1,0,0,0,0,0,0,6,Speler,0.333,0.167,0.0,5,5,0,0,450,1,0,0,0,0,0,0,5,0.336,0.242,0.242,2.798,-5.149,5.821,0.12,0.026,1.483,-2.881,2.934,0.02
K. FC Marke A,Amaury Demuynck,5,4,1,2,333,0,0,1,1,0,0,0,0,Speler,0.544,0.0,0.27,4,3,1,1,277,0,0,0,1,0,0,0,0,0.212,0.312,0.312,2.438,-4.567,4.991,0.09,0.288,1.329,-2.317,2.893,0.22
K. FC Marke A,Anthony Degrendel,5,5,0,1,446,0,0,0,0,0,0,1,0,Keeper,0.697,0.0,0.0,5,5,0,1,446,0,0,0,0,0,0,1,0,0.074,-0.1,-0.1,2.632,-5.085,5.232,0.03,0.026,1.41,-2.737,2.789,0.02
K. FC Marke A,Arne Naessens,6,6,0,3,509,0,0,0,1,0,0,0,4,Speler,0.513,0.0,0.177,5,5,0,3,419,0,0,0,1,0,0,0,4,-0.031,0.015,0.015,2.616,-5.158,5.096,-0.01,-0.216,1.413,-2.985,2.554,-0.15
K. FC Marke A,Bastien Servaege,4,1,0,0,90,0,0,0,0,0,0,0,0,Keeper,0.0,0.0,0.0,3,0,0,0,0,0,0,0,0,0,0,0,0,0.132,0.248,0.248,2.767,-5.292,5.556,0.05,0.284,1.474,-2.605,3.173,0.19
K. FC Marke A,Benjamin Bonte,6,6,0,3,451,0,0,0,0,0,0,0,0,Speler,0.468,0.0,0.0,5,5,0,3,361,0,0,0,0,0,0,0,0,-0.114,-0.122,-0.122,2.401,-4.821,4.592,-0.05,-0.126,1.325,-2.723,2.472,-0.09
K. FC Marke A,Bob Desmet,6,5,1,1,462,0,0,0,2,0,0,0,0,Speler,0.671,0.0,0.39,5,5,0,1,428,0,0,0,2,0,0,0,0,0.467,0.285,0.285,2.533,-4.497,5.431,0.18,0.017,1.371,-2.67,2.703,0.01
K. FC Marke A,Emile Vanluchene,6,3,2,2,248,0,0,0,1,0,0,0,0,Speler,0.808,0.0,0.363,5,3,2,2,248,0,0,0,1,0,0,0,0,0.718,0.627,0.627,2.408,-4.002,5.438,0.3,0.683,1.322,-1.908,3.273,0.52
K. FC Marke A,Hannes Tieberghien,6,2,4,1,215,0,0,0,0,0,0,0,2,Speler,0.589,0.0,0.0,5,1,4,0,159,0,0,0,0,0,0,0,1,-0.721,-0.608,-0.608,2.252,-5.135,3.693,-0.32,-0.16,1.259,-2.627,2.308,-0.13
K. FC Marke A,Jannis Bourgeois,6,1,5,1,185,0,0,0,0,0,0,0,0,Speler,0.78,0.0,0.0,5,1,4,1,172,0,0,0,0,0,0,0,0,1.067,0.831,0.831,2.289,-3.419,5.553,0.47,0.964,1.273,-1.531,3.46,0.76
K. FC Marke A,Jarne Wullaert,6,6,0,1,523,2,0,0,2,0,0,0,0,Speler,0.602,0.344,0.344,5,5,0,1,433,2,0,0,2,0,0,0,0,0.71,0.584,0.584,2.683,-4.548,5.969,0.26,0.468,1.44,-2.354,3.29,0.33
K. FC Marke A,Jasper Cafmeyer,1,0,1,0,23,0,0,0,0,0,0,0,0,Speler,0.5,0.0,0.0,1,0,1,0,23,0,0,0,0,0,0,0,0,-0.428,-0.351,-0.351,2.773,-5.862,5.006,-0.15,-0.337,1.492,-3.262,2.589,-0.23
K. FC Marke A,Jelle Duthoo,6,6,0,2,514,3,0,0,1,0,0,0,0,Speler,0.5,0.525,0.175,5,5,0,2,424,2,0,0,0,0,0,0,0,-0.56,-0.443,-0.443,2.585,-5.627,4.507,-0.22,-0.402,1.404,-3.154,2.351,-0.29
K. FC Marke A,Lander Denduyver,6,6,0,3,440,0,0,0,2,0,0,0,0,Speler,0.494,0.0,0.409,5,5,0,3,350,0,0,0,2,0,0,0,0,-0.588,-0.521,-0.521,2.518,-5.524,4.348,-0.23,-0.003,1.371,-2.689,2.684,-0.0
K. FC Marke A,Lucas Coornaert,4,0,4,0,68,0,0,0,1,0,0,0,0,Speler,0.5,0.0,1.324,3,0,3,0,34,0,0,0,1,0,0,0,0,0.144,0.109,0.109,2.543,-4.84,5.129,0.06,0.577,1.393,-2.153,3.307,0.41
K. FC Marke A,Michiel Tieberghien,1,0,1,0,4,0,0,0,0,0,0,0,0,Speler,0.0,0.0,0.0,1,0,1,0,4,0,0,0,0,0,0,0,0,-0.073,-0.072,-0.072,2.927,-5.81,5.663,-0.03,-0.09,1.558,-3.142,2.963,-0.06
K. FC Marke A,Noé Dirk Rogard,6,1,4,0,209,0,0,0,0,0,0,0,0,Speler,0.388,0.0,0.0,5,1,3,0,175,0,0,0,0,0,0,0,0,-0.668,-0.7,-0.7,2.255,-5.087,3.751,-0.3,-0.234,1.255,-2.694,2.225,-0.19
K. FC Marke A,Simon Van Lierde,4,4,0,0,360,0,0,0,0,0,0,0,0,Speler,0.625,0.0,0.0,3,3,0,0,270,0,0,0,0,0,0,0,0,0.603,0.389,0.389,2.454,-4.206,5.413,0.25,0.299,1.337,-2.321,2.918,0.22
K. FC Marke A,Thibault Trioen,6,4,2,1,394,6,0,0,1,0,0,0,0,Speler,0.517,1.371,0.228,5,3,2,0,317,6,0,0,1,0,0,0,0,0.671,0.541,0.541,2.267,-3.772,5.114,0.3,0.656,1.264,-1.821,3.133,0.52
K. FC Marke A,Thomas Menghis,6,6,0,4,466,1,0,0,0,0,0,0,0,Speler,0.512,0.193,0.0,5,5,0,3,410,1,0,0,0,0,0,0,0,-0.163,-0.191,-0.191,2.471,-5.005,4.68,-0.07,-0.267,1.349,-2.911,2.377,-0.2
K. FC Varsenare A,Andreas De Kerpel,6,6,0,0,540,0,0,0,0,0,0,0,0,Speler,0.5,0.0,0.0,5,5,0,0,450,0,0,0,0,0,0,0,0,0.331,0.188,0.188,2.811,-5.179,5.842,0.12,0.051,1.489,-2.867,2.97,0.03
K. FC Varsenare A,Bavo Butaye,6,6,0,4,501,1,0,0,0,0,0,0,0,Speler,0.415,0.18,0.0,5,5,0,3,426,1,0,0,0,0,0,0,0,-0.328,-0.132,-0.132,2.555,-5.337,4.68,-0.13,0.449,1.39,-2.276,3.174,0.32
K. FC Varsenare A,Benoit Onraet,4,4,0,0,360,0,0,0,2,0,0,0,0,Speler,0.625,0.0,0.5,3,3,0,0,270,0,0,0,1,0,0,0,0,-0.018,0.079,0.079,2.514,-4.945,4.909,-0.01,0.273,1.357,-2.388,2.933,0.2
K. FC Varsenare A,Brent Ooghe,4,1,3,0,154,0,0,0,1,0,0,0,0,Speler,0.664,0.0,0.584,3,1,2,0,110,0,0,0,0,0,0,0,0,0.834,0.419,0.419,2.358,-3.788,5.456,0.35,-0.053,1.31,-2.621,2.516,-0.04
K. FC Varsenare A,Eleazar Osei-Berkoe,4,2,2,2,130,0,0,0,0,0,0,0,0,Speler,0.707,0.0,0.0,3,1,2,1,84,0,0,0,0,0,0,0,0,0.668,0.477,0.477,2.267,-3.776,5.111,0.29,-0.18,1.279,-2.686,2.326,-0.14
K. FC Varsenare A,Gaëtan Deschepper,4,2,0,0,180,0,0,0,0,0,0,0,0,Speler,0.25,0.0,0.0,4,2,0,0,180,0,0,0,0,0,0,0,0,0.349,0.109,0.109,2.569,-4.686,5.385,0.14,-0.221,1.387,-2.94,2.497,-0.16
K. FC Varsenare A,Ilko Kesteleyn,6,6,0,1,535,1,0,0,0,0,0,0,0,Speler,0.421,0.168,0.0,5,5,0,1,445,1,0,0,0,0,0,0,0,-0.422,-0.439,-0.439,2.768,-5.847,5.003,-0.15,-0.03,1.475,-2.92,2.86,-0.02
K. FC Varsenare A,Jari Van De Maele,6,6,0,0,540,2,0,0,1,0,0,0,2,Speler,0.5,0.333,0.167,5,5,0,0,450,2,0,0,0,0,0,0,1,0.331,0.188,0.188,2.811,-5.179,5.842,0.12,0.051,1.489,-2.867,2.97,0.03
K. FC Varsenare A,Joppe Tijtgat,1,0,0,0,0,0,0,0,0,0,0,0,0,Speler,0.0,0.0,0.0,1,0,0,0,0,0,0,0,0,0,0,0,0,,,,,,,,,,,,
K. FC Varsenare A,Jules Colpaert,2,0,2,0,20,0,0,0,1,0,0,0,0,Speler,0.0,0.0,4.5,1,0,1,0,5,0,0,0,1,0,0,0,0,1.175,0.89,0.89,2.763,-4.241,6.591,0.43,0.167,1.494,-2.762,3.095,0.11
K. FC Varsenare A,Kasper Van Leirsberghe,6,1,0,0,90,0,0,0,0,0,0,1,0,Keeper,0.5,0.0,0.0,5,1,0,0,90,0,0,0,0,0,0,1,0,0.444,0.234,0.234,2.684,-4.817,5.704,0.17,0.181,1.442,-2.645,3.006,0.13
K. FC Varsenare A,Kiron Beernaert,5,2,3,2,205,1,0,0,0,0,0,0,0,Speler,0.386,0.439,0.0,5,2,3,2,205,1,0,0,0,0,0,0,0,0.041,0.012,0.012,2.225,-4.32,4.402,0.02,-0.082,1.249,-2.529,2.365,-0.07
K. FC Varsenare A,Martijn Ameel,5,0,4,0,68,0,0,0,0,0,0,0,0,Speler,0.75,0.0,0.0,4,0,4,0,68,0,0,0,0,0,0,0,0,0.097,-0.07,-0.07,2.546,-4.893,5.087,0.04,0.04,1.394,-2.693,2.773,0.03
K. FC Varsenare A,Matteo Compernolle,6,6,0,4,441,2,0,0,0,0,0,0,0,Speler,0.38,0.408,0.0,5,5,0,4,351,0,0,0,0,0,0,0,0,-0.501,-0.436,-0.436,2.435,-5.272,4.271,-0.21,-0.034,1.331,-2.642,2.574,-0.03
K. FC Varsenare A,Milan Van De Maele,6,6,0,1,525,0,0,0,2,0,0,0,0,Speler,0.429,0.0,0.343,5,5,0,1,435,0,0,0,1,0,0,0,0,-0.074,-0.071,-0.071,2.729,-5.422,5.274,-0.03,-0.005,1.457,-2.861,2.851,-0.0
K. FC Varsenare A,Olivier Delcampe,4,4,0,0,360,0,0,0,1,0,0,0,4,Speler,0.375,0.0,0.25,4,4,0,0,360,0,0,0,1,0,0,0,4,-0.868,-0.758,-0.758,2.462,-5.694,3.957,-0.35,-0.782,1.338,-3.404,1.839,-0.58
K. FC Varsenare A,Rune Vandamme-Vinckier,6,3,3,0,344,0,0,0,1,0,0,0,0,Speler,0.537,0.0,0.262,5,2,3,0,254,0,0,0,1,0,0,0,0,1.399,1.031,1.031,2.343,-3.193,5.991,0.6,0.946,1.283,-1.569,3.462,0.74
K. FC Varsenare A,Sebastien Cattoor,6,5,0,0,450,0,0,1,0,0,0,1,0,Keeper,0.5,0.0,0.0,5,4,0,0,360,0,0,1,0,0,0,0,0,-0.112,-0.046,-0.046,2.611,-5.229,5.005,-0.04,-0.129,1.402,-2.876,2.618,-0.09
K. FC Varsenare A,Timon Bogaert,6,6,0,3,497,0,0,0,2,0,0,0,0,Speler,0.424,0.0,0.362,5,5,0,3,407,0,0,0,2,0,0,0,0,0.299,0.393,0.393,2.574,-4.747,5.344,0.12,-0.076,1.393,-2.807,2.654,-0.05
K. RC Bissegem,Andres Dewaele,6,6,0,1,535,2,0,0,2,0,0,0,0,Speler,0.748,0.336,0.336,5,5,0,0,450,2,0,0,2,0,0,0,0,0.062,0.016,0.016,2.772,-5.37,5.495,0.02,0.245,1.479,-2.653,3.144,0.17
K. RC Bissegem,Arnold Vandenborre,6,0,0,0,0,0,0,0,0,0,0,0,0,Keeper,0.0,0.0,0.0,5,0,0,0,0,0,0,0,0,0,0,0,0,,,,,,,,,,,,
K. RC Bissegem,August Laverge,1,1,0,0,90,1,0,0,0,0,0,0,0,Speler,1.0,1.0,0.0,0,0,0,0,0,0,0,0,0,0,0,0,0,-0.132,-0.248,-0.248,2.767,-5.556,5.292,-0.05,-0.284,1.474,-3.173,2.605,-0.19
K. RC Bissegem,Bruno Dhoop,6,6,0,0,540,0,0,0,1,0,0,0,0,Speler,0.75,0.0,0.167,5,5,0,0,450,0,0,0,1,0,0,0,0,0.107,0.062,0.062,2.832,-5.444,5.659,0.04,0.239,1.499,-2.699,3.178,0.16
K. RC Bissegem,Clément Michel Doolaeghe,1,0,0,0,0,0,0,0,0,0,0,0,0,Speler,0.0,0.0,0.0,1,0,0,0,0,0,0,0,0,0,0,0,0,,,,,,,,,,,,
K. RC Bissegem,Elias Ben Ali,6,6,0,0,540,0,0,0,1,0,0,0,0,Speler,0.75,0.0,0.167,5,5,0,0,450,0,0,0,0,0,0,0,0,0.107,0.062,0.062,2.832,-5.444,5.659,0.04,0.239,1.499,-2.699,3.178,0.16
K. RC Bissegem,Emiel Martens,6,6,0,0,540,0,0,0,0,0,0,3,0,Keeper,0.75,0.0,0.0,5,5,0,0,450,0,0,0,0,0,0,3,0,0.107,0.062,0.062,2.832,-5.444,5.659,0.04,0.239,1.499,-2.699,3.178,0.16
K. RC Bissegem,Ennio Franklin Tack,6,0,5,0,20,0,0,0,0,0,0,0,0,Speler,0.0,0.0,0.0,5,0,5,0,20,0,0,0,0,0,0,0,0,0.589,0.405,0.405,2.698,-4.7,5.878,0.22,1.403,1.47,-1.479,4.284,0.95
K. RC Bissegem,Ewoud Defevere,6,6,0,0,540,0,0,0,1,0,0,0,0,Speler,0.75,0.0,0.167,5,5,0,0,450,0,0,0,1,0,0,0,0,0.107,0.062,0.062,2.832,-5.444,5.659,0.04,0.239,1.499,-2.699,3.178,0.16
K. RC Bissegem,Glenn Lapeire,6,3,3,1,331,0,0,0,0,0,0,0,0,Speler,0.785,0.0,0.0,5,3,2,1,306,0,0,0,0,0,0,0,0,0.853,0.354,0.354,2.341,-3.736,5.441,0.36,0.595,1.288,-1.929,3.119,0.46
K. RC Bissegem,Harm Vansteenkiste,5,5,0,2,448,0,0,0,1,0,0,0,0,Speler,0.699,0.0,0.201,5,5,0,2,448,0,0,0,1,0,0,0,0,0.226,0.31,0.31,2.673,-5.013,5.465,0.08,-0.326,1.428,-3.125,2.474,-0.23
K. RC Bissegem,Ismaïl El Ouassif,6,6,0,4,462,0,0,0,2,0,0,0,0,Speler,0.514,0.0,0.39,5,5,0,3,389,0,0,0,1,0,0,0,0,-0.299,-0.256,-0.256,2.32,-4.846,4.247,-0.13,-0.61,1.294,-3.146,1.926,-0.47
K. RC Bissegem,Jenci Dejonghe,6,6,0,0,540,0,0,0,1,0,0,0,5,Speler,0.75,0.0,0.167,5,5,0,0,450,0,0,0,1,0,0,0,5,0.107,0.062,0.062,2.832,-5.444,5.659,0.04,0.239,1.499,-2.699,3.178,0.16
K. RC Bissegem,Lennert Lingier,5,3,2,3,287,1,0,0,0,0,0,0,0,Speler,0.832,0.314,0.0,4,3,1,3,282,1,0,0,0,0,0,0,0,-0.368,-0.124,-0.124,2.355,-4.983,4.247,-0.16,-0.395,1.303,-2.949,2.159,-0.3
K. RC Bissegem,Lowie Joost Laperre,1,0,0,0,0,0,0,0,0,0,0,0,0,Speler,0.0,0.0,0.0,1,0,0,0,0,0,0,0,0,0,0,0,0,,,,,,,,,,,,
K. RC Bissegem,Miel Laperre,1,0,1,0,0,0,0,0,0,0,0,0,0,Speler,0.0,0.0,0.0,1,0,1,0,0,0,0,0,0,0,0,0,0,-0.078,-0.096,-0.096,2.967,-5.894,5.738,-0.03,-0.05,1.572,-3.132,3.032,-0.03
K. RC Bissegem,Mohamed El Ouassif,2,0,0,0,0,0,0,0,0,0,0,0,0,Speler,0.0,0.0,0.0,2,0,0,0,0,0,0,0,0,0,0,0,0,,,,,,,,,,,,
K. RC Bissegem,Noah Vanhouwaert,6,0,3,0,18,0,0,0,0,0,0,0,0,Speler,0.0,0.0,0.0,5,0,2,0,1,0,0,0,0,0,0,0,0,0.096,0.103,0.103,2.786,-5.365,5.557,0.03,0.749,1.502,-2.196,3.693,0.5
K. RC Bissegem,Orry Vancraeyveldt,2,2,0,1,174,0,0,0,0,0,0,0,0,Speler,0.517,0.0,0.0,1,1,0,1,84,0,0,0,0,0,0,0,0,-0.208,-0.147,-0.147,2.556,-5.217,4.802,-0.08,-0.321,1.386,-3.037,2.396,-0.23
K. RC Bissegem,Robin Douven,5,3,2,3,270,0,0,0,0,0,0,0,0,Speler,0.471,0.0,0.0,5,3,2,3,270,0,0,0,0,0,0,0,0,-1.099,-0.741,-0.741,2.293,-5.594,3.395,-0.48,-0.636,1.27,-3.125,1.852,-0.5
K. RC Bissegem,Rutger Sturm,1,1,0,1,65,1,0,0,0,0,0,0,1,Speler,1.0,1.385,0.0,0,0,0,0,0,0,0,0,0,0,0,0,0,0.895,0.734,0.734,2.735,-4.466,6.256,0.33,0.828,1.47,-2.053,3.708,0.56
K. RC Bissegem,Zito Bostoen,6,6,0,0,540,0,0,0,1,0,0,0,0,Speler,0.75,0.0,0.167,5,5,0,0,450,0,0,0,1,0,0,0,0,0.107,0.062,0.062,2.832,-5.444,5.659,0.04,0.239,1.499,-2.699,3.178,0.16
K. SK Beveren-Leie A,Alessandro Dujardin,6,6,0,0,457,0,0,0,2,0,1,0,0,Speler,0.0,0.0,0.394,5,5,0,0,367,0,0,0,1,0,1,0,0,0.64,0.69,0.69,2.687,-4.627,5.906,0.24,-0.222,1.443,-3.05,2.606,-0.15
K. SK Beveren-Leie A,Alpha Mamoudou Sylla,6,5,0,2,412,1,0,0,0,0,0,0,0,Speler,0.0,0.218,0.0,5,4,0,2,322,1,0,0,0,0,0,0,0,-0.42,-0.395,-0.395,2.612,-5.539,4.699,-0.16,-0.171,1.408,-2.93,2.588,-0.12
K. SK Beveren-Leie A,Baptiste Vandoorne,6,2,3,1,233,0,0,1,0,0,0,0,0,Speler,0.0,0.0,0.0,5,2,2,1,227,0,0,1,0,0,0,0,0,-1.414,-0.798,-0.798,2.382,-6.083,3.255,-0.59,-0.467,1.311,-3.037,2.102,-0.36
K. SK Beveren-Leie A,Benoit Degruyter,6,6,0,1,503,0,0,0,0,0,0,0,6,Keeper,0.0,0.0,0.0,5,5,0,1,413,0,0,0,0,0,0,0,5,-0.461,-0.216,-0.216,2.683,-5.721,4.798,-0.17,-0.043,1.438,-2.862,2.777,-0.03
K. SK Beveren-Leie A,Bilal El Ouassif,1,0,1,0,8,0,0,0,0,0,0,0,0,Speler,0.0,0.0,0.0,1,0,1,0,8,0,0,0,0,0,0,0,0,0.278,0.254,0.254,2.879,-5.365,5.921,0.1,-0.053,1.54,-3.072,2.966,-0.03
K. SK Beveren-Leie A,Bryan Khetta,6,6,0,4,481,1,0,0,0,0,0,0,0,Speler,0.086,0.187,0.0,5,5,0,3,397,1,0,0,0,0,0,0,0,0.902,0.78,0.78,2.441,-3.882,5.686,0.37,0.392,1.334,-2.224,3.008,0.29
K. SK Beveren-Leie A,Cyriel Vandenabeele,1,1,0,1,82,0,0,0,0,0,0,0,0,Speler,0.0,0.0,0.0,1,1,0,1,82,0,0,0,0,0,0,0,0,-1.004,-0.746,-0.746,2.708,-6.312,4.305,-0.37,0.127,1.457,-2.73,2.983,0.09
K. SK Beveren-Leie A,Dario Wandels,5,3,1,1,255,1,0,0,0,0,0,0,0,Speler,0.0,0.353,0.0,5,3,1,1,255,1,0,0,0,0,0,0,0,-0.555,-0.203,-0.203,2.365,-5.191,4.081,-0.23,0.042,1.3,-2.506,2.589,0.03
K. SK Beveren-Leie A,Dmitry Konstantinovich Kryzhanovskiy,4,3,1,1,302,1,0,0,0,0,0,0,0,Speler,0.0,0.298,0.0,3,2,1,0,218,1,0,0,0,0,0,0,0,-0.019,-0.225,-0.225,2.418,-4.758,4.719,-0.01,-0.328,1.326,-2.926,2.27,-0.25
K. SK Beveren-Leie A,Emiel Vervaecke,1,0,0,0,0,0,0,0,0,0,0,0,0,Keeper,0.0,0.0,0.0,1,0,0,0,0,0,0,0,0,0,0,0,0,,,,,,,,,,,,
K. SK Beveren-Leie A,Gianni Sobrie,5,5,0,0,450,0,0,0,1,0,0,0,0,Speler,0.0,0.0,0.2,4,4,0,0,360,0,0,0,0,0,0,0,0,0.007,0.092,0.092,2.745,-5.374,5.388,0.0,-0.186,1.461,-3.05,2.678,-0.13
K. SK Beveren-Leie A,Gilles De Greve,6,6,0,1,515,0,0,0,0,0,0,0,0,Speler,0.0,0.0,0.0,5,5,0,1,425,0,0,0,0,0,0,0,0,-0.009,0.059,0.059,2.581,-5.069,5.05,-0.0,-0.462,1.398,-3.202,2.278,-0.33
K. SK Beveren-Leie A,Ilyas Akhandaf,4,1,2,0,128,0,0,0,1,0,0,0,0,Speler,0.0,0.0,0.703,4,1,2,0,128,0,0,0,1,0,0,0,0,-0.299,-0.006,-0.006,2.604,-5.404,4.806,-0.11,0.058,1.408,-2.701,2.818,0.04
K. SK Beveren-Leie A,Jari Longueville,3,0,2,0,8,0,0,0,0,0,0,0,0,Speler,0.0,0.0,0.0,2,0,1,0,6,0,0,0,0,0,0,0,0,0.267,0.307,0.307,2.877,-5.372,5.906,0.09,0.083,1.539,-2.933,3.099,0.05
K. SK Beveren-Leie A,Len De Smet,1,1,0,0,90,0,0,0,0,0,0,0,0,Speler,0.0,0.0,0.0,1,1,0,0,90,0,0,0,0,0,0,0,0,-0.726,-0.493,-0.493,2.771,-6.157,4.705,-0.26,0.074,1.477,-2.821,2.968,0.05
K. SK Beveren-Leie A,Lex Vaneeckhoutte,3,0,1,0,37,0,0,0,0,0,0,0,0,Keeper,0.0,0.0,0.0,2,0,1,0,37,0,0,0,0,0,0,0,0,-0.257,-0.184,-0.184,2.788,-5.721,5.207,-0.09,-0.07,1.496,-3.002,2.862,-0.05
K. SK Beveren-Leie A,Maarten Vanlerberghe,4,4,0,1,337,0,0,0,0,0,0,0,0,Speler,0.0,0.0,0.0,3,3,0,1,247,0,0,0,0,0,0,0,0,-0.389,-0.291,-0.291,2.563,-5.413,4.634,-0.15,0.147,1.387,-2.572,2.866,0.11
K. SK Beveren-Leie A,Mathis De Vreeze,4,1,3,1,143,0,0,0,0,0,0,0,0,Speler,0.0,0.0,0.0,4,1,3,1,143,0,0,0,0,0,0,0,0,-0.36,-0.02,-0.02,2.45,-5.162,4.441,-0.15,-0.051,1.348,-2.694,2.592,-0.04
K. SK Beveren-Leie A,Rimas Vande Vyver,6,1,5,0,155,0,0,0,0,0,0,0,0,Speler,0.0,0.0,0.0,5,1,4,0,149,0,0,0,0,0,0,0,0,-2.196,-1.491,-1.491,2.439,-6.976,2.584,-0.9,-0.386,1.335,-3.002,2.23,-0.29
K. SK Beveren-Leie A,Safouane Rahhab,5,5,0,3,419,1,0,0,0,0,0,0,0,Speler,0.0,0.215,0.0,4,4,0,2,331,1,0,0,0,0,0,0,0,-0.805,-0.66,-0.66,2.624,-5.948,4.338,-0.31,-0.218,1.414,-2.989,2.553,-0.15
K. SK Beveren-Leie A,Vincenzo Dujardin,4,4,0,2,302,0,0,0,0,0,0,0,0,Speler,0.106,0.0,0.0,3,3,0,2,212,0,0,0,0,0,0,0,0,0.994,0.631,0.631,2.547,-3.998,5.985,0.39,0.5,1.384,-2.212,3.212,0.36
K. SK Beveren-Leie A,Yani Desmet,6,6,0,0,540,1,0,0,1,0,0,0,0,Speler,0.0,0.167,0.167,5,5,0,0,450,1,0,0,0,0,0,0,0,-0.719,-0.4,-0.4,2.778,-6.164,4.727,-0.26,-0.113,1.472,-2.999,2.773,-0.08
K. SV Veurne A,Anouk Vanysacker,6,6,0,2,504,0,0,0,1,0,0,0,0,Speler,0.665,0.0,0.179,5,5,0,2,414,0,0,0,1,0,0,0,0,-0.204,-0.234,-0.234,2.708,-5.512,5.105,-0.08,-0.596,1.452,-3.442,2.251,-0.41
K. SV Veurne A,Axel Leeman,5,0,4,0,57,1,0,0,0,0,0,0,0,Speler,1.0,1.579,0.0,4,0,4,0,57,1,0,0,0,0,0,0,0,-0.095,0.058,0.058,2.619,-5.228,5.039,-0.04,-0.423,1.427,-3.221,2.374,-0.3
K. SV Veurne A,Bart Winnock,6,6,0,0,540,1,0,0,0,0,0,0,0,Speler,0.667,0.167,0.0,5,5,0,0,450,0,0,0,0,0,0,0,0,-0.212,-0.134,-0.134,2.828,-5.755,5.331,-0.07,-0.18,1.498,-3.116,2.756,-0.12
K. SV Veurne A,Cis Goesaert,4,0,3,0,47,0,0,0,0,0,0,0,0,Speler,1.0,0.0,0.0,3,0,3,0,47,0,0,0,0,0,0,0,0,-0.228,-0.127,-0.127,2.726,-5.571,5.116,-0.08,0.326,1.47,-2.556,3.207,0.22
K. SV Veurne A,Dante Blanckaert,6,6,0,2,530,2,0,0,0,0,0,0,0,Speler,0.67,0.34,0.0,5,5,0,1,445,2,0,0,0,0,0,0,0,-0.28,-0.183,-0.183,2.715,-5.601,5.041,-0.1,-0.25,1.458,-3.108,2.607,-0.17
K. SV Veurne A,Dayne Clarebout,6,6,0,3,528,7,0,0,1,0,0,0,0,Speler,0.664,1.193,0.17,5,5,0,3,438,7,0,0,1,0,0,0,0,-0.111,-0.011,-0.011,2.707,-5.416,5.194,-0.04,0.654,1.454,-2.196,3.505,0.45
K. SV Veurne A,Gianni Jooris,6,6,0,2,498,0,0,0,1,0,0,0,0,Speler,0.661,0.0,0.181,5,5,0,2,408,0,0,0,1,0,0,0,0,0.113,0.061,0.061,2.71,-5.199,5.424,0.04,-0.42,1.451,-3.264,2.424,-0.29
K. SV Veurne A,Gilles Van Holm,3,0,0,0,0,0,0,0,0,0,0,0,0,Keeper,0.0,0.0,0.0,3,0,0,0,0,0,0,0,0,0,0,0,0,,,,,,,,,,,,
K. SV Veurne A,Jessy Blanckaert,2,0,2,0,26,0,0,0,0,0,0,0,0,Speler,0.0,0.0,0.0,1,0,1,0,21,0,0,0,0,0,0,0,0,-1.187,-0.743,-0.743,2.74,-6.557,4.182,-0.43,-0.096,1.483,-3.002,2.811,-0.06
K. SV Veurne A,Joppe Rathé,6,0,5,0,83,0,0,0,0,0,0,0,0,Speler,0.484,0.0,0.0,5,0,5,0,83,0,0,0,0,0,0,0,0,-0.988,-0.564,-0.564,2.502,-5.892,3.916,-0.39,-1.046,1.377,-3.745,1.653,-0.76
K. SV Veurne A,Jordy Bardyn,6,4,1,2,354,1,0,0,1,0,0,0,0,Speler,0.839,0.254,0.254,5,4,1,2,354,1,0,0,1,0,0,0,0,1.06,0.574,0.574,2.341,-3.527,5.648,0.45,0.353,1.294,-2.184,2.89,0.27
K. SV Veurne A,Kasper De Keyrel,6,6,0,1,534,0,0,0,0,0,0,0,0,Speler,0.663,0.0,0.0,5,5,0,1,444,0,0,0,0,0,0,0,0,0.005,0.082,0.082,2.762,-5.409,5.419,0.0,0.761,1.475,-2.13,3.652,0.52
K. SV Veurne A,Kevin Chateau,6,6,0,4,466,3,0,0,0,0,0,0,0,Speler,0.659,0.579,0.0,5,5,0,4,376,3,0,0,0,0,0,0,0,1.207,0.837,0.837,2.526,-3.743,6.157,0.48,0.411,1.379,-2.292,3.114,0.3
K. SV Veurne A,Luca Baekelandt,6,6,0,0,540,0,1,0,0,0,0,0,6,Speler,0.667,0.0,0.0,5,5,0,0,450,0,1,0,0,0,0,0,5,-0.212,-0.134,-0.134,2.828,-5.755,5.331,-0.07,-0.18,1.498,-3.116,2.756,-0.12
K. SV Veurne A,Pieter Dedrie,6,6,0,0,540,1,0,0,1,0,0,0,0,Speler,0.667,0.167,0.167,5,5,0,0,450,1,0,0,1,0,0,0,0,-0.212,-0.134,-0.134,2.828,-5.755,5.331,-0.07,-0.18,1.498,-3.116,2.756,-0.12
K. SV Veurne A,Thijs Hatse,3,0,2,0,30,1,0,0,0,0,1,0,0,Speler,1.0,3.0,0.0,3,0,2,0,30,1,0,0,0,0,1,0,0,0.937,0.847,0.847,2.774,-4.499,6.374,0.34,-0.7,1.494,-3.628,2.229,-0.47
K. SV Veurne A,Wietse Deprez,2,2,0,1,122,0,0,0,0,0,0,0,0,Speler,0.369,0.0,0.0,1,1,0,1,32,0,0,0,0,0,0,0,0,-0.542,-0.38,-0.38,2.528,-5.497,4.412,-0.21,-0.277,1.381,-2.983,2.43,-0.2
K. SV Veurne A,Wout Vandendriessche,6,6,0,0,540,0,0,0,0,0,0,2,0,Keeper,0.667,0.0,0.0,5,5,0,0,450,0,0,0,0,0,0,2,0,-0.212,-0.134,-0.134,2.828,-5.755,5.331,-0.07,-0.18,1.498,-3.116,2.756,-0.12
K. Sassp. Boezinge A,Colin Sohier,6,1,3,0,146,0,0,0,0,0,0,0,0,Speler,1.0,0.0,0.0,5,1,2,0,145,0,0,0,0,0,0,0,0,-0.234,-0.222,-0.222,2.495,-5.123,4.655,-0.09,-0.62,1.368,-3.301,2.06,-0.45
K. Sassp. Boezinge A,Fabian Rassalle,6,4,2,3,385,1,0,0,0,0,0,0,0,Speler,0.492,0.234,0.0,5,3,2,2,296,1,0,0,0,0,0,0,0,-0.835,-0.594,-0.594,2.227,-5.2,3.53,-0.38,-0.224,1.25,-2.674,2.226,-0.18
K. Sassp. Boezinge A,Ibe Duflou,6,6,0,2,475,0,0,0,1,0,0,0,0,Speler,0.457,0.0,0.189,5,5,0,2,385,0,0,0,1,0,0,0,0,0.232,0.128,0.128,2.574,-4.814,5.278,0.09,0.619,1.394,-2.113,3.351,0.44
K. Sassp. Boezinge A,Ilyas Lakfif,4,3,1,2,226,3,0,0,1,1,0,0,0,Speler,0.877,1.195,0.398,4,3,1,2,226,3,0,0,1,1,0,0,0,0.743,0.481,0.481,2.359,-3.882,5.368,0.31,0.517,1.306,-2.042,3.076,0.4
K. Sassp. Boezinge A,Jarne Jodts,3,3,0,1,226,0,0,0,0,0,0,0,0,Speler,0.301,0.0,0.0,2,2,0,1,136,0,0,0,0,0,0,0,0,-0.71,-0.447,-0.447,2.418,-5.449,4.029,-0.29,-0.345,1.331,-2.953,2.263,-0.26
K. Sassp. Boezinge A,Joenes Kasmi,4,1,3,0,123,0,0,0,1,0,0,0,0,Speler,1.0,0.0,0.732,3,1,2,0,113,0,0,0,1,0,0,0,0,-1.061,-0.845,-0.845,2.523,-6.006,3.885,-0.42,-0.129,1.385,-2.844,2.585,-0.09
K. Sassp. Boezinge A,Justin Vanbrabandt,6,6,0,0,540,0,0,0,0,0,0,1,6,Keeper,0.5,0.0,0.0,5,5,0,0,450,0,0,0,0,0,0,1,5,0.1,0.048,0.048,2.807,-5.401,5.602,0.04,0.078,1.486,-2.835,2.991,0.05
K. Sassp. Boezinge A,Lennart Sampers,6,6,0,0,540,0,0,0,0,0,0,0,0,Speler,0.5,0.0,0.0,5,5,0,0,450,0,0,0,0,0,0,0,0,0.1,0.048,0.048,2.807,-5.401,5.602,0.04,0.078,1.486,-2.835,2.991,0.05
K. Sassp. Boezinge A,Lilian Bochet,3,3,0,3,246,0,0,0,0,0,0,0,0,Speler,0.482,0.0,0.0,2,2,0,2,157,0,0,0,0,0,0,0,0,0.483,0.427,0.427,2.47,-4.358,5.325,0.2,0.077,1.348,-2.565,2.719,0.06
K. Sassp. Boezinge A,Mathias Delboo,1,0,0,0,0,0,0,0,0,0,0,0,0,Speler,0.0,0.0,0.0,1,0,0,0,0,0,0,0,0,0,0,0,0,,,,,,,,,,,,
K. Sassp. Boezinge A,Maxim Coffyn,2,0,0,0,0,0,0,0,0,0,0,0,0,Keeper,0.0,0.0,0.0,1,0,0,0,0,0,0,0,0,0,0,0,0,,,,,,,,,,,,
K. Sassp. Boezinge A,Maxime Vanackere,6,6,0,1,495,0,0,0,0,0,0,0,0,Speler,0.455,0.0,0.0,5,5,0,1,405,0,0,0,0,0,0,0,0,0.631,0.501,0.501,2.544,-4.355,5.617,0.25,0.298,1.382,-2.41,3.006,0.22
K. Sassp. Boezinge A,Milan Cneudt,4,0,0,0,0,0,0,0,0,0,0,0,0,Keeper,0.0,0.0,0.0,4,0,0,0,0,0,0,0,0,0,0,0,0,,,,,,,,,,,,
K. Sassp. Boezinge A,Mouhamed Sarr,5,5,0,2,438,0,0,0,2,1,0,0,0,Speler,0.409,0.0,0.411,4,4,0,1,358,0,0,0,2,1,0,0,0,0.431,0.364,0.364,2.615,-4.695,5.557,0.16,-0.112,1.407,-2.869,2.645,-0.08
K. Sassp. Boezinge A,Owen Casier,5,3,2,2,319,0,0,1,1,0,0,0,0,Speler,0.459,0.0,0.282,4,3,1,2,289,0,0,1,1,0,0,0,0,0.492,0.383,0.383,2.218,-3.856,4.84,0.22,0.625,1.242,-1.81,3.061,0.5
K. Sassp. Boezinge A,Remko Vandamme,5,0,5,0,78,0,0,0,1,0,0,0,0,Speler,0.0,0.0,1.154,4,0,4,0,77,0,0,0,1,0,0,0,0,0.038,0.077,0.077,2.449,-4.762,4.837,0.02,0.519,1.358,-2.141,3.18,0.38
K. Sassp. Boezinge A,Robbe Dumont,3,0,3,0,68,0,0,0,0,0,0,0,0,Speler,0.5,0.0,0.0,3,0,3,0,68,0,0,0,0,0,0,0,0,-0.146,-0.127,-0.127,2.614,-5.27,4.978,-0.06,-0.522,1.423,-3.312,2.268,-0.37
K. Sassp. Boezinge A,Robbe Vandergunst,4,3,1,1,275,0,0,0,1,0,0,0,0,Speler,0.5,0.0,0.327,4,3,1,1,275,0,0,0,1,0,0,0,0,-0.139,-0.225,-0.225,2.447,-4.934,4.657,-0.06,0.146,1.336,-2.473,2.765,0.11
K. Sassp. Boezinge A,Seppe Gantois,6,5,1,2,425,3,0,0,1,0,0,0,0,Speler,0.48,0.635,0.212,5,4,1,1,365,3,0,0,1,0,0,0,0,0.887,0.568,0.568,2.295,-3.612,5.386,0.39,-0.051,1.278,-2.557,2.454,-0.04
K. Sassp. Boezinge A,Valentin Mahieu,6,6,0,0,540,1,1,1,1,0,0,0,0,Speler,0.5,0.167,0.167,5,5,0,0,450,1,1,1,1,0,0,0,0,0.1,0.048,0.048,2.807,-5.401,5.602,0.04,0.078,1.486,-2.835,2.991,0.05
K. Sassp. Boezinge A,Ward Maerten,5,5,0,2,392,0,0,0,2,0,0,0,0,Speler,0.49,0.0,0.459,4,4,0,2,302,0,0,0,2,0,0,0,0,-0.104,-0.206,-0.206,2.47,-4.945,4.738,-0.04,-0.177,1.352,-2.826,2.473,-0.13
K. VC Ardooie A,Achiel Denijs,2,0,2,0,28,0,0,0,1,0,0,0,0,Speler,0.5,0.0,3.214,2,0,2,0,28,0,0,0,1,0,0,0,0,-2.113,-1.767,-1.767,2.703,-7.412,3.185,-0.78,-1.97,1.466,-4.844,0.904,-1.34
K. VC Ardooie A,Achille Callens,4,2,2,0,235,1,0,0,0,0,0,0,0,Speler,0.6,0.383,0.0,4,2,2,0,235,1,0,0,0,0,0,0,0,0.421,0.34,0.34,2.398,-4.279,5.121,0.18,-0.028,1.321,-2.617,2.561,-0.02
K. VC Ardooie A,Aiden Lenihan,6,1,5,1,280,3,0,0,1,0,0,0,0,Speler,0.55,0.964,0.321,5,1,4,1,218,1,0,0,1,0,0,0,0,-0.588,-0.393,-0.393,2.175,-4.852,3.675,-0.27,-0.49,1.221,-2.882,1.903,-0.4
K. VC Ardooie A,Brent Callewaert,6,6,0,0,540,0,0,0,1,0,0,2,6,Keeper,0.667,0.0,0.167,5,5,0,0,450,0,0,0,1,0,0,1,5,-0.092,-0.115,-0.115,2.805,-5.59,5.405,-0.03,-0.129,1.486,-3.04,2.783,-0.09
K. VC Ardooie A,Brian Depondt,5,2,2,1,164,0,0,0,0,0,0,0,0,Speler,1.0,0.0,0.0,4,2,1,1,153,0,0,0,0,0,0,0,0,-0.424,-0.634,-0.634,2.467,-5.259,4.411,-0.17,-0.14,1.349,-2.784,2.503,-0.1
K. VC Ardooie A,Edouard Holvoet,6,3,3,3,361,1,0,0,0,0,0,0,0,Speler,0.863,0.249,0.0,5,3,2,3,333,1,0,0,0,0,0,0,0,1.092,0.684,0.684,2.319,-3.454,5.638,0.47,1.049,1.279,-1.457,3.556,0.82
K. VC Ardooie A,Gianluca Cardoen,5,3,2,1,309,0,0,0,3,0,0,0,0,Speler,0.254,0.0,0.874,4,3,1,1,281,0,0,0,3,0,0,0,0,-1.823,-1.49,-1.49,2.313,-6.356,2.711,-0.79,-1.588,1.279,-4.095,0.92,-1.24
K. VC Ardooie A,Giovanni Franco Simoês,5,5,0,2,346,0,0,0,0,0,0,0,0,Speler,0.789,0.0,0.0,4,4,0,2,256,0,0,0,0,0,0,0,0,0.51,0.362,0.362,2.47,-4.332,5.352,0.21,0.735,1.347,-1.905,3.375,0.55
K. VC Ardooie A,Glenn Maddens,5,4,1,1,436,0,0,0,0,0,0,0,0,Speler,0.61,0.0,0.0,4,3,1,1,346,0,0,0,0,0,0,0,0,-0.42,-0.185,-0.185,2.499,-5.318,4.479,-0.17,-0.261,1.359,-2.924,2.403,-0.19
K. VC Ardooie A,Gregory Hermans,5,4,1,4,177,1,1,0,0,0,0,0,0,Speler,0.567,0.508,0.0,4,3,1,3,149,1,0,0,0,0,0,0,0,1.429,1.07,1.07,2.343,-3.163,6.02,0.61,1.109,1.3,-1.439,3.657,0.85
K. VC Ardooie A,Guillaume Tournicourt,6,5,1,3,421,1,0,0,3,0,0,0,0,Speler,0.508,0.214,0.641,5,4,1,2,342,1,0,0,2,0,0,0,0,-0.144,-0.115,-0.115,2.375,-4.799,4.512,-0.06,-0.465,1.31,-3.032,2.103,-0.35
K. VC Ardooie A,Joran Lievrouw,6,6,0,2,492,0,0,0,2,0,0,0,0,Speler,0.634,0.0,0.366,5,5,0,2,402,0,0,0,2,0,0,0,0,0.554,0.359,0.359,2.584,-4.511,5.619,0.21,0.239,1.397,-2.499,2.977,0.17
K. VC Ardooie A,Jordi Loncke,3,2,1,2,72,0,0,0,0,0,0,0,0,Speler,1.0,0.0,0.0,2,1,1,1,10,0,0,0,0,0,0,0,0,-0.548,-0.463,-0.463,2.522,-5.491,4.394,-0.22,-1.359,1.388,-4.079,1.361,-0.98
K. VC Ardooie A,Lennert Van De Putte,6,6,0,2,511,3,0,0,0,0,0,0,0,Speler,0.824,0.528,0.0,5,5,0,1,449,3,0,0,0,0,0,0,0,1.611,1.288,1.288,2.551,-3.389,6.611,0.63,1.522,1.387,-1.197,4.241,1.1
K. VC Ardooie A,Matisse Maelfait,5,5,0,0,450,0,0,0,2,0,0,0,0,Speler,0.8,0.0,0.4,4,4,0,0,360,0,0,0,1,0,0,0,0,0.004,0.15,0.15,2.591,-5.074,5.082,0.0,0.398,1.39,-2.326,3.122,0.29
K. VC Ardooie A,Maxim Ver Eecke,6,6,0,0,540,1,0,0,0,0,0,0,0,Speler,0.667,0.167,0.0,5,5,0,0,450,0,0,0,0,0,0,0,0,-0.092,-0.115,-0.115,2.805,-5.59,5.405,-0.03,-0.129,1.486,-3.04,2.783,-0.09
K. VC Ardooie A,Milan Rudy Deprest,5,2,3,1,224,1,0,0,1,0,0,0,0,Speler,1.0,0.402,0.402,4,2,2,1,213,1,0,0,0,0,0,0,0,1.389,1.085,1.085,2.458,-3.43,6.208,0.57,1.482,1.343,-1.151,4.115,1.1
K. VC Ardooie A,Noah Dumortier,6,4,2,4,315,1,0,0,0,0,0,0,0,Speler,0.624,0.286,0.0,5,3,2,3,236,1,0,0,0,0,0,0,0,-1.919,-1.486,-1.486,2.242,-6.314,2.476,-0.86,-1.923,1.253,-4.379,0.533,-1.53
K. VC Ardooie A,Richard De Meyer,1,0,0,0,0,0,0,0,0,0,0,0,0,Keeper,0.0,0.0,0.0,1,0,0,0,0,0,0,0,0,0,0,0,0,,,,,,,,,,,,
K. VC Ardooie A,Thimo Lerminez,3,0,2,0,39,0,0,0,0,0,0,0,0,Speler,0.0,0.0,0.0,3,0,2,0,39,0,0,0,0,0,0,0,0,0.138,0.162,0.162,2.743,-5.239,5.514,0.05,0.528,1.476,-2.365,3.421,0.36
K.R.C. Waregem A,Arnaut Devenyns,6,6,0,0,540,0,0,0,1,0,0,0,0,Speler,0.75,0.0,0.167,5,5,0,0,450,0,0,0,1,0,0,0,0,0.059,0.02,0.02,2.824,-5.476,5.593,0.02,0.016,1.495,-2.914,2.946,0.01
K.R.C. Waregem A,Denzel Van Fleteren,6,6,0,0,540,1,0,0,1,0,0,0,6,Speler,0.75,0.167,0.167,5,5,0,0,450,1,0,0,0,0,0,0,5,0.059,0.02,0.02,2.824,-5.476,5.593,0.02,0.016,1.495,-2.914,2.946,0.01
K.R.C. Waregem A,Emiel Delmulle,6,6,0,6,397,0,0,0,0,0,0,0,0,Speler,0.657,0.0,0.0,5,5,0,5,342,0,0,0,0,0,0,0,0,0.299,0.239,0.239,2.35,-4.307,4.905,0.13,-0.154,1.304,-2.71,2.402,-0.12
K.R.C. Waregem A,Jarne Vanderpoorten,6,6,0,1,528,1,0,0,1,0,0,0,0,Speler,0.744,0.17,0.17,5,5,0,1,438,1,0,0,1,0,0,0,0,0.061,-0.001,-0.001,2.73,-5.289,5.411,0.02,0.005,1.459,-2.855,2.865,0.0
K.R.C. Waregem A,Jörg Roger Dutoit,6,6,0,0,540,2,0,0,1,0,0,0,0,Speler,0.75,0.333,0.167,5,5,0,0,450,2,0,0,1,0,0,0,0,0.059,0.02,0.02,2.824,-5.476,5.593,0.02,0.016,1.495,-2.914,2.946,0.01
K.R.C. Waregem A,Kengi Callens,5,0,5,0,103,0,0,0,1,0,0,0,0,Speler,0.5,0.0,0.874,4,0,4,0,97,0,0,0,1,0,0,0,0,-0.496,-0.419,-0.419,2.527,-5.45,4.457,-0.2,-0.472,1.378,-3.174,2.229,-0.34
K.R.C. Waregem A,Kyran Vantieghem,5,0,0,0,0,0,0,0,0,0,0,0,0,Keeper,0.0,0.0,0.0,4,0,0,0,0,0,0,0,0,0,0,0,0,,,,,,,,,,,,
K.R.C. Waregem A,Leko Albert Verbauwhede,5,0,5,0,104,0,0,0,0,0,0,0,0,Speler,0.645,0.0,0.0,4,0,4,0,98,0,0,0,0,0,0,0,0,0.388,0.298,0.298,2.463,-4.44,5.216,0.16,-0.141,1.356,-2.799,2.518,-0.1
K.R.C. Waregem A,Mathis Lievens,6,3,3,2,262,0,0,0,0,0,0,0,0,Speler,0.437,0.0,0.0,5,2,3,1,232,0,0,0,0,0,0,0,0,-0.648,-0.411,-0.411,2.298,-5.151,3.855,-0.28,-0.582,1.268,-3.067,1.903,-0.46
K.R.C. Waregem A,Matteo Dujardin,6,0,6,0,155,0,0,0,1,0,0,0,0,Speler,0.898,0.0,0.581,5,0,5,0,120,0,0,0,0,0,0,0,0,0.465,0.351,0.351,2.317,-4.076,5.006,0.2,0.66,1.29,-1.868,3.187,0.51
K.R.C. Waregem A,Robbe Debue,6,3,3,3,323,1,0,0,1,0,0,0,0,Speler,0.811,0.279,0.279,5,3,2,3,263,1,0,0,1,0,0,0,0,0.54,0.316,0.316,2.256,-3.881,4.961,0.24,0.547,1.249,-1.901,2.996,0.44
K.R.C. Waregem A,Robbe Driessens,6,6,0,2,469,0,0,0,0,0,0,0,0,Speler,0.822,0.0,0.0,5,5,0,2,379,0,0,0,0,0,0,0,0,0.127,0.046,0.046,2.515,-4.802,5.057,0.05,0.362,1.371,-2.324,3.049,0.26
K.R.C. Waregem A,Siebe Depraetere,6,6,0,0,540,2,0,0,1,0,0,0,0,Speler,0.75,0.333,0.167,5,5,0,0,450,1,0,0,1,0,0,0,0,0.059,0.02,0.02,2.824,-5.476,5.593,0.02,0.016,1.495,-2.914,2.946,0.01
K.R.C. Waregem A,Siebe Derycke,1,0,0,0,0,0,0,0,0,0,0,0,0,Keeper,0.0,0.0,0.0,1,0,0,0,0,0,0,0,0,0,0,0,0,,,,,,,,,,,,
K.R.C. Waregem A,Simon Vandenabeele,6,6,0,5,379,1,0,0,0,0,0,0,0,Speler,0.657,0.237,0.0,5,5,0,4,295,1,0,0,0,0,0,0,0,-0.496,-0.384,-0.384,2.284,-4.973,3.981,-0.22,-0.421,1.278,-2.925,2.083,-0.33
K.R.C. Waregem A,Soren Dutoit,6,6,0,0,540,0,0,0,0,0,0,3,0,Keeper,0.75,0.0,0.0,5,5,0,0,450,0,0,0,0,0,0,2,0,0.059,0.02,0.02,2.824,-5.476,5.593,0.02,0.016,1.495,-2.914,2.946,0.01
K.R.C. Waregem A,Thibeau Waeye,2,0,2,0,59,0,0,0,0,0,0,0,0,Speler,0.5,0.0,0.0,2,0,2,0,59,0,0,0,0,0,0,0,0,-0.359,-0.274,-0.274,2.627,-5.508,4.789,-0.14,-0.209,1.431,-3.013,2.595,-0.15
K.R.C. Waregem A,Tjardo Vanderghinste,6,6,0,5,461,1,0,0,0,0,0,0,0,Speler,0.793,0.195,0.0,5,5,0,4,377,1,0,0,0,0,0,0,0,0.471,0.36,0.36,2.496,-4.421,5.363,0.19,0.501,1.365,-2.175,3.176,0.37
K.S.C. Wielsbeke,Alessio Van Den Broucke,4,4,0,0,360,0,0,0,0,0,0,0,0,Speler,1.0,0.0,0.0,3,3,0,0,270,0,0,0,0,0,0,0,0,-0.556,-0.464,-0.464,2.563,-5.58,4.468,-0.22,0.173,1.381,-2.534,2.881,0.13
K.S.C. Wielsbeke,Arne Beeuwsaert,6,0,6,0,74,1,0,0,0,0,0,0,0,Speler,0.5,1.216,0.0,5,0,5,0,69,1,0,0,0,0,0,0,0,-1.518,-1.167,-1.167,2.472,-6.363,3.326,-0.61,-0.883,1.368,-3.565,1.799,-0.65
K.S.C. Wielsbeke,Berre De Smet,6,6,0,1,535,0,0,0,1,0,0,0,0,Speler,0.916,0.0,0.168,5,5,0,0,450,0,0,0,1,0,0,0,0,0.075,-0.06,-0.06,2.761,-5.336,5.486,0.03,0.038,1.472,-2.847,2.922,0.03
K.S.C. Wielsbeke,Charles Noppe,6,6,0,4,450,3,0,0,1,0,0,0,0,Speler,0.953,0.6,0.2,5,5,0,3,377,2,0,0,1,0,0,0,0,-0.243,-0.313,-0.313,2.433,-5.012,4.526,-0.1,0.428,1.339,-2.197,3.053,0.32
K.S.C. Wielsbeke,Dries Wysselinck,6,6,0,2,529,1,0,0,1,0,0,0,0,Speler,0.915,0.17,0.17,5,5,0,2,439,1,0,0,0,0,0,0,0,-0.105,-0.06,-0.06,2.72,-5.436,5.225,-0.04,0.115,1.457,-2.74,2.97,0.08
K.S.C. Wielsbeke,Emiel Pannecoucke,1,0,1,0,6,0,0,0,0,0,0,0,0,Speler,0.0,0.0,0.0,1,0,1,0,6,0,0,0,0,0,0,0,0,0.514,0.414,0.414,2.907,-5.185,6.213,0.18,-0.063,1.55,-3.102,2.975,-0.04
K.S.C. Wielsbeke,Gilles Van Maeldergem,6,0,5,0,72,1,0,0,0,0,0,0,0,Speler,1.0,1.25,0.0,5,0,4,0,55,0,0,0,0,0,0,0,0,0.259,0.214,0.214,2.44,-4.523,5.041,0.11,0.199,1.355,-2.457,2.856,0.15
K.S.C. Wielsbeke,Ian Maes,6,6,0,3,521,2,0,0,0,0,0,0,0,Speler,0.914,0.345,0.0,5,5,0,2,448,2,0,0,0,0,0,0,0,0.267,0.081,0.081,2.666,-4.959,5.493,0.1,-0.055,1.435,-2.867,2.756,-0.04
K.S.C. Wielsbeke,Jonathan Verstraete,6,6,0,0,540,1,0,0,0,0,0,0,6,Speler,0.917,0.167,0.0,5,5,0,0,450,1,0,0,0,0,0,0,5,0.11,0.032,0.032,2.81,-5.398,5.618,0.04,0.041,1.489,-2.877,2.958,0.03
K.S.C. Wielsbeke,Kassmi Mohamed Ali,4,4,0,1,315,0,0,0,0,0,0,0,0,Speler,1.0,0.0,0.0,3,3,0,1,225,0,0,0,0,0,0,0,0,1.094,0.792,0.792,2.339,-3.491,5.679,0.47,0.498,1.287,-2.024,3.02,0.39
K.S.C. Wielsbeke,Kenneth Deryckere,2,2,0,1,174,0,0,0,0,0,0,0,0,Speler,0.741,0.0,0.0,2,2,0,1,174,0,0,0,0,0,0,0,0,0.152,0.082,0.082,2.561,-4.867,5.171,0.06,-0.069,1.386,-2.786,2.647,-0.05
K.S.C. Wielsbeke,Lars De Meester,3,0,3,0,7,0,0,0,0,0,0,0,0,Speler,0.0,0.0,0.0,2,0,2,0,2,0,0,0,0,0,0,0,0,0.055,0.127,0.127,2.875,-5.58,5.689,0.02,0.04,1.538,-2.975,3.055,0.03
K.S.C. Wielsbeke,Lars Vandenbroucke,4,4,0,1,307,1,0,0,1,0,0,0,0,Speler,0.94,0.293,0.293,3,3,0,1,217,1,0,0,1,0,0,0,0,0.137,0.04,0.04,2.472,-4.709,4.982,0.06,0.419,1.351,-2.228,3.066,0.31
K.S.C. Wielsbeke,Loris D'Haene,5,3,2,0,321,1,0,0,0,0,0,0,0,Speler,0.857,0.28,0.0,5,3,2,0,321,1,0,0,0,0,0,0,0,0.796,0.647,0.647,2.389,-3.887,5.48,0.33,0.039,1.314,-2.536,2.615,0.03
K.S.C. Wielsbeke,Matisse De Groote,6,6,0,0,540,0,0,0,0,0,0,2,0,Keeper,0.917,0.0,0.0,5,5,0,0,450,0,0,0,0,0,0,2,0,0.11,0.032,0.032,2.81,-5.398,5.618,0.04,0.041,1.489,-2.877,2.958,0.03
K.S.C. Wielsbeke,Rune Jacques Vandenborre,6,5,1,5,403,0,0,0,0,0,0,0,0,Speler,1.0,0.0,0.0,5,5,0,5,386,0,0,0,0,0,0,0,0,-0.557,-0.56,-0.56,2.377,-5.216,4.103,-0.23,-0.429,1.308,-2.992,2.134,-0.33
K.S.C. Wielsbeke,Senne Van Thuyne,2,1,1,0,143,0,0,0,0,0,0,0,0,Speler,0.685,0.0,0.0,2,1,1,0,143,0,0,0,0,0,0,0,0,-1.642,-1.223,-1.223,2.475,-6.493,3.208,-0.66,-0.757,1.353,-3.41,1.896,-0.56
K.S.C. Wielsbeke,Seppe Jeroen Lecour,6,6,0,3,508,5,0,0,0,0,0,0,0,Speler,1.0,0.886,0.0,5,5,0,3,418,4,0,0,0,0,0,0,0,1.827,1.39,1.39,2.513,-3.099,6.753,0.73,0.307,1.377,-2.393,3.006,0.22
K.S.C. Wielsbeke,Thomas Coopman,4,1,3,1,135,1,0,0,0,0,0,0,0,Speler,1.0,0.667,0.0,3,0,3,0,50,1,0,0,0,0,0,0,0,0.438,0.343,0.343,2.454,-4.372,5.248,0.18,0.367,1.343,-2.264,2.999,0.27
K.S.C. Wielsbeke,Vic Callens,6,0,0,0,0,0,0,0,0,0,0,0,0,Keeper,0.0,0.0,0.0,5,0,0,0,0,0,0,0,0,0,0,0,0,,,,,,,,,,,,
KFC Aalbeke Sport A,Amine Ahdach,6,2,3,2,144,0,0,0,0,0,0,0,0,Speler,0.5,0.0,0.0,5,1,3,1,98,0,0,0,0,0,0,0,0,0.323,0.007,0.007,2.368,-4.318,4.964,0.14,0.073,1.317,-2.509,2.654,0.06
KFC Aalbeke Sport A,Bjarne Vanderstraeten,6,6,0,1,541,6,0,0,0,0,0,0,0,Speler,0.584,0.998,0.0,5,5,0,1,451,6,0,0,0,0,0,0,0,0.122,0.112,0.112,2.786,-5.339,5.583,0.04,-0.135,1.479,-3.034,2.764,-0.09
KFC Aalbeke Sport A,Charles-Victor Otté,6,5,1,1,486,0,0,0,1,0,0,0,0,Speler,0.685,0.0,0.185,5,4,1,1,396,0,0,0,1,0,0,0,0,0.019,-0.118,-0.118,2.505,-4.89,4.928,0.01,0.127,1.369,-2.556,2.811,0.09
KFC Aalbeke Sport A,Corentin Fabrice Cottenceau,5,4,1,2,325,1,0,0,0,0,0,0,0,Speler,0.706,0.277,0.0,4,4,0,2,281,1,0,0,0,0,0,0,0,0.264,0.298,0.298,2.259,-4.163,4.691,0.12,0.532,1.26,-1.937,3.0,0.42
KFC Aalbeke Sport A,Idriss Jacob,2,0,1,0,12,0,0,0,0,0,0,0,0,Speler,0.0,0.0,0.0,2,0,1,0,12,0,0,0,0,0,0,0,0,-0.509,-0.344,-0.344,2.859,-6.113,5.095,-0.18,-0.758,1.529,-3.754,2.238,-0.5
KFC Aalbeke Sport A,Jan De Winter,5,5,0,1,440,0,0,0,2,0,0,0,0,Speler,0.591,0.0,0.409,4,4,0,1,350,0,0,0,2,0,0,0,0,0.154,0.167,0.167,2.511,-4.768,5.076,0.06,-0.092,1.364,-2.765,2.582,-0.07
KFC Aalbeke Sport A,Jasper Vanneste,3,1,2,1,77,0,0,0,0,0,0,0,0,Speler,0.135,0.0,0.0,3,1,2,1,77,0,0,0,0,0,0,0,0,-0.59,-0.293,-0.293,2.564,-5.616,4.435,-0.23,-0.213,1.405,-2.967,2.542,-0.15
KFC Aalbeke Sport A,Jeroen Vlieghe,1,0,1,0,33,0,0,0,0,0,0,0,0,Speler,1.0,0.0,0.0,1,0,1,0,33,0,0,0,0,0,0,0,0,0.784,0.681,0.681,2.758,-4.621,6.19,0.28,0.106,1.486,-2.806,3.019,0.07
KFC Aalbeke Sport A,Kevin Gallo,5,3,2,3,252,0,0,0,1,0,0,0,0,Speler,0.695,0.0,0.357,4,2,2,2,196,0,0,0,1,0,0,0,0,-0.295,-0.171,-0.171,2.219,-4.644,4.053,-0.13,0.155,1.249,-2.293,2.603,0.12
KFC Aalbeke Sport A,Klaas Lievrouw,6,2,3,0,245,0,0,0,1,0,0,0,0,Speler,0.371,0.0,0.367,5,2,3,0,245,0,0,0,1,0,0,0,0,0.414,0.267,0.267,2.425,-4.339,5.167,0.17,0.149,1.334,-2.466,2.764,0.11
KFC Aalbeke Sport A,Lander Wyseur,6,3,3,0,345,0,0,0,1,1,0,0,0,Speler,0.393,0.0,0.261,5,2,3,0,255,0,0,0,1,1,0,0,0,-0.056,-0.155,-0.155,2.264,-4.494,4.383,-0.02,0.659,1.262,-1.815,3.132,0.52
KFC Aalbeke Sport A,Lenny Buyssens,1,0,1,0,2,0,0,0,0,0,0,0,0,Speler,0.0,0.0,0.0,1,0,1,0,2,0,0,0,0,0,0,0,0,-0.943,-0.87,-0.87,2.938,-6.701,4.816,-0.32,-0.995,1.562,-4.057,2.067,-0.64
KFC Aalbeke Sport A,Marvin Pierre Turcan,6,6,0,3,514,1,1,0,1,0,0,0,0,Speler,0.589,0.175,0.175,5,5,0,2,429,1,1,0,1,0,0,0,0,0.228,0.215,0.215,2.567,-4.804,5.259,0.09,-0.085,1.396,-2.822,2.652,-0.06
KFC Aalbeke Sport A,Michael François Slowik,3,3,0,2,204,0,0,0,0,0,0,0,0,Speler,0.598,0.0,0.0,2,2,0,2,114,0,0,0,0,0,0,0,0,0.173,-0.086,-0.086,2.358,-4.449,4.795,0.07,0.379,1.303,-2.175,2.932,0.29
KFC Aalbeke Sport A,Nathan Bunga Mbuta,5,2,3,2,238,0,0,0,0,0,0,0,0,Speler,0.582,0.0,0.0,5,2,3,2,238,0,0,0,0,0,0,0,0,0.215,0.087,0.087,2.49,-4.666,5.095,0.09,0.521,1.351,-2.126,3.169,0.39
KFC Aalbeke Sport A,Pieter De Winter,6,6,0,1,511,0,0,0,2,0,0,0,6,Speler,0.5,0.0,0.352,5,5,0,1,421,0,0,0,2,0,0,0,5,-0.799,-0.65,-0.65,2.533,-5.763,4.166,-0.32,-0.645,1.382,-3.353,2.063,-0.47
KFC Aalbeke Sport A,Sabri Bensalem,1,1,0,0,90,0,0,0,0,0,0,0,0,Speler,0.0,0.0,0.0,1,1,0,0,90,0,0,0,0,0,0,0,0,-0.305,-0.155,-0.155,2.789,-5.772,5.162,-0.11,-0.29,1.486,-3.203,2.623,-0.2
KFC Aalbeke Sport A,Sabri Bensalim,4,3,1,1,296,0,0,0,1,1,0,0,0,Speler,0.652,0.0,0.304,3,3,0,1,262,0,0,0,1,1,0,0,0,-0.716,-0.574,-0.574,2.465,-5.547,4.114,-0.29,-0.148,1.347,-2.787,2.491,-0.11
KFC Aalbeke Sport A,Taybi Bensalem,5,4,1,1,353,0,0,0,2,0,0,0,0,Speler,0.871,0.0,0.51,4,4,0,1,348,0,0,0,2,0,0,0,0,1.159,0.959,0.959,2.464,-3.67,5.989,0.47,0.977,1.343,-1.656,3.61,0.73
KFC Aalbeke Sport A,Thibaut Millecamps,6,4,2,4,297,1,0,0,0,0,0,0,0,Speler,0.647,0.303,0.0,5,3,2,3,212,1,0,0,0,0,0,0,0,-0.198,-0.105,-0.105,2.442,-4.984,4.589,-0.08,-0.646,1.33,-3.253,1.961,-0.49
KFC Aalbeke Sport A,Thijs Debuyck,6,6,0,0,540,0,0,0,0,0,0,2,0,Keeper,0.583,0.0,0.0,5,5,0,0,450,0,0,0,0,0,0,1,0,0.047,0.021,0.021,2.8,-5.441,5.535,0.02,-0.167,1.484,-3.075,2.741,-0.11
KFC Aalbeke Sport A,Wassim Essaddiki,1,0,1,0,5,0,0,0,0,0,0,0,0,Speler,0.0,0.0,0.0,0,0,0,0,0,0,0,0,0,0,0,0,0,0.03,0.04,0.04,2.917,-5.687,5.748,0.01,-0.042,1.554,-3.087,3.003,-0.03
KFC Aalbeke Sport A,Xandro Cagliostro,1,0,0,0,0,0,0,0,0,0,0,0,0,Keeper,0.0,0.0,0.0,1,0,0,0,0,0,0,0,0,0,0,0,0,,,,,,,,,,,,
S.V. Wevelgem City A,Anton Masselis,2,0,0,0,0,0,0,0,0,0,0,0,0,Keeper,0.0,0.0,0.0,2,0,0,0,0,0,0,0,0,0,0,0,0,,,,,,,,,,,,
S.V. Wevelgem City A,Clément Castelain,2,0,0,0,0,0,0,0,0,0,0,0,0,Speler,0.0,0.0,0.0,1,0,0,0,0,0,0,0,0,0,0,0,0,,,,,,,,,,,,
S.V. Wevelgem City A,Emiel Bridelance,4,0,4,0,25,0,0,0,0,0,0,0,0,Speler,0.0,0.0,0.0,3,0,3,0,21,0,0,0,0,0,0,0,0,0.548,0.353,0.353,2.712,-4.767,5.864,0.2,-0.062,1.474,-2.951,2.826,-0.04
S.V. Wevelgem City A,Gauthier Van De Geuchte,6,6,0,1,524,1,0,0,1,0,0,0,0,Speler,0.672,0.172,0.172,5,5,0,1,434,0,0,0,0,0,0,0,0,0.302,0.243,0.243,2.681,-4.954,5.557,0.11,0.075,1.443,-2.753,2.904,0.05
S.V. Wevelgem City A,Gilles Bouckaert,6,6,0,0,540,0,0,0,1,0,0,0,0,Speler,0.667,0.0,0.167,5,5,0,0,450,0,0,0,0,0,0,0,0,0.347,0.226,0.226,2.826,-5.192,5.887,0.12,0.108,1.497,-2.825,3.041,0.07
S.V. Wevelgem City A,Gilles Hamers,6,5,1,5,336,0,0,0,1,0,0,0,0,Speler,0.441,0.0,0.268,5,4,1,4,266,0,0,0,1,0,0,0,0,-1.198,-0.605,-0.605,2.278,-5.662,3.266,-0.53,-0.65,1.267,-3.133,1.832,-0.51
S.V. Wevelgem City A,Jasper Noël Beyens,6,6,0,1,530,2,0,0,0,0,0,0,0,Speler,0.66,0.34,0.0,5,5,0,1,440,2,0,0,0,0,0,0,0,-0.191,-0.194,-0.194,2.753,-5.586,5.204,-0.07,0.062,1.47,-2.82,2.944,0.04
S.V. Wevelgem City A,Jens Couckuyt,2,0,0,0,0,0,0,0,0,0,0,0,0,Speler,0.0,0.0,0.0,2,0,0,0,0,0,0,0,0,0,0,0,0,,,,,,,,,,,,
S.V. Wevelgem City A,Jordy Beirlaen,6,4,1,1,335,1,0,0,2,0,0,0,0,Speler,0.5,0.269,0.537,5,3,1,1,245,1,0,0,1,0,0,0,0,-0.07,-0.045,-0.045,2.248,-4.477,4.337,-0.03,-0.776,1.257,-3.239,1.687,-0.62
S.V. Wevelgem City A,Jorgen Rogiers,6,6,0,0,540,0,0,0,1,0,0,2,6,Keeper,0.667,0.0,0.167,5,5,0,0,450,0,0,0,1,0,0,1,5,0.347,0.226,0.226,2.826,-5.192,5.887,0.12,0.108,1.497,-2.825,3.041,0.07
S.V. Wevelgem City A,Marc Couckuyt,6,6,0,0,540,1,0,0,0,0,0,0,0,Speler,0.667,0.167,0.0,5,5,0,0,450,1,0,0,0,0,0,0,0,0.347,0.226,0.226,2.826,-5.192,5.887,0.12,0.108,1.497,-2.825,3.041,0.07
S.V. Wevelgem City A,Maxime Cottignie,6,6,0,1,520,0,0,0,0,0,0,0,0,Speler,0.587,0.0,0.0,5,5,0,0,450,0,0,0,0,0,0,0,0,-0.928,-0.764,-0.764,2.654,-6.13,4.275,-0.35,-0.504,1.431,-3.31,2.301,-0.35
S.V. Wevelgem City A,Mehdi Oumedjeber,6,6,0,1,536,0,0,0,1,0,0,0,0,Speler,0.664,0.0,0.168,5,5,0,0,450,0,0,0,0,0,0,0,0,-0.204,-0.243,-0.243,2.774,-5.642,5.233,-0.07,0.166,1.478,-2.732,3.064,0.11
S.V. Wevelgem City A,Raf Vanhuylebrouck,6,0,5,0,113,0,0,0,0,0,0,0,0,Speler,0.5,0.0,0.0,5,0,4,0,113,0,0,0,0,0,0,0,0,0.395,0.135,0.135,2.35,-4.21,5.001,0.17,-0.102,1.309,-2.667,2.463,-0.08
S.V. Wevelgem City A,Robbe Dekiere,4,3,1,3,208,1,0,0,0,0,0,0,0,Speler,0.344,0.433,0.0,4,3,1,3,208,1,0,0,0,0,0,0,0,0.136,0.341,0.341,2.289,-4.35,4.621,0.06,-0.059,1.273,-2.555,2.436,-0.05
S.V. Wevelgem City A,Said Hafidh Khatib,6,0,6,1,132,3,0,0,0,0,0,0,0,Speler,0.701,2.045,0.0,5,0,5,1,112,2,0,0,0,0,0,0,0,1.797,1.261,1.261,2.305,-2.72,6.315,0.78,1.122,1.289,-1.404,3.648,0.87
S.V. Wevelgem City A,Thibau Laevens,6,6,0,4,507,1,0,0,1,0,0,0,0,Speler,0.655,0.178,0.178,5,5,0,3,417,1,0,0,0,0,0,0,0,-0.635,-0.343,-0.343,2.572,-5.677,4.406,-0.25,0.27,1.4,-2.475,3.015,0.19
S.V. Wevelgem City A,Tibo Margo,5,1,4,1,134,2,0,0,0,0,0,0,0,Speler,0.843,1.343,0.0,4,1,3,1,114,1,0,0,0,0,0,0,0,1.736,1.01,1.01,2.409,-2.986,6.459,0.72,0.813,1.327,-1.788,3.414,0.61
S.V. Wevelgem City A,Victor Cuvelier,5,5,0,3,420,0,0,0,0,0,0,0,0,Speler,0.806,0.0,0.0,4,4,0,3,330,0,0,0,0,0,0,0,0,1.09,0.656,0.656,2.381,-3.577,5.758,0.46,0.51,1.309,-2.055,3.075,0.39
SV Ingelmunster A,Adam Khalil El-Sayed,2,0,0,0,0,0,0,0,0,0,0,0,0,Speler,0.0,0.0,0.0,2,0,0,0,0,0,0,0,0,0,0,0,0,,,,,,,,,,,,
SV Ingelmunster A,Alexandre Vandemaele,6,2,4,1,315,1,0,0,0,0,0,0,0,Speler,0.663,0.286,0.0,5,2,3,1,278,1,0,0,0,0,0,0,0,0.033,-0.015,-0.015,2.23,-4.339,4.405,0.01,-0.127,1.252,-2.581,2.327,-0.1
SV Ingelmunster A,Andres Baert,6,2,1,1,203,0,0,0,1,0,0,0,0,Speler,0.335,0.0,0.443,5,1,1,0,158,0,0,0,0,0,0,0,0,-0.188,-0.154,-0.154,2.369,-4.832,4.455,-0.08,-0.222,1.314,-2.798,2.354,-0.17
SV Ingelmunster A,Andres Verschelde,4,4,0,2,306,0,0,0,0,0,0,0,0,Speler,0.281,0.0,0.0,3,3,0,2,216,0,0,0,0,0,0,0,0,0.34,0.243,0.243,2.449,-4.461,5.141,0.14,0.432,1.339,-2.191,3.056,0.32
SV Ingelmunster A,Christ Bruno Mbiakob,6,6,0,0,540,0,0,0,0,0,0,0,0,Speler,0.417,0.0,0.0,5,5,0,0,450,0,0,0,0,0,0,0,0,0.01,-0.001,-0.001,2.82,-5.517,5.537,0.0,0.015,1.492,-2.911,2.94,0.01
SV Ingelmunster A,Dylan Seys,6,3,2,2,236,0,0,0,1,0,0,0,0,Speler,0.309,0.0,0.381,5,2,2,1,183,0,0,0,1,0,0,0,0,-1.393,-0.979,-0.979,2.303,-5.907,3.12,-0.61,-0.812,1.278,-3.316,1.692,-0.64
SV Ingelmunster A,Gust Collette,1,0,0,0,0,0,0,0,0,0,0,0,0,Speler,0.0,0.0,0.0,1,0,0,0,0,0,0,0,0,0,0,0,0,,,,,,,,,,,,
SV Ingelmunster A,Henry Van Parys,6,6,0,0,540,0,0,0,1,0,0,0,0,Speler,0.417,0.0,0.167,5,5,0,0,450,0,0,0,1,0,0,0,0,0.01,-0.001,-0.001,2.82,-5.517,5.537,0.0,0.015,1.492,-2.911,2.94,0.01
SV Ingelmunster A,Jean-Louis Vyaene,6,6,0,0,540,1,0,0,0,0,0,0,0,Speler,0.417,0.167,0.0,5,5,0,0,450,1,0,0,0,0,0,0,0,0.01,-0.001,-0.001,2.82,-5.517,5.537,0.0,0.015,1.492,-2.911,2.94,0.01
SV Ingelmunster A,Jorrit Vanden Berghe,3,2,1,1,129,0,0,0,0,0,0,0,0,Speler,0.196,0.0,0.0,2,2,0,1,112,0,0,0,0,0,0,0,0,-0.194,-0.172,-0.172,2.458,-5.012,4.624,-0.08,-0.176,1.354,-2.831,2.478,-0.13
SV Ingelmunster A,Lowie Van Renterghem,5,0,0,0,0,0,0,0,0,0,0,0,0,Keeper,0.0,0.0,0.0,4,0,0,0,0,0,0,0,0,0,0,0,0,,,,,,,,,,,,
SV Ingelmunster A,Luca Handsaeme,2,1,0,0,90,0,0,0,0,0,0,0,0,Speler,0.0,0.0,0.0,2,1,0,0,90,0,0,0,0,0,0,0,0,-0.667,-0.373,-0.373,2.678,-5.915,4.581,-0.25,-0.309,1.438,-3.127,2.508,-0.22
SV Ingelmunster A,Matthias Ghyselinck,6,6,0,0,540,0,0,0,0,0,0,2,1,Keeper,0.417,0.0,0.0,5,5,0,0,450,0,0,0,0,0,0,2,1,0.01,-0.001,-0.001,2.82,-5.517,5.537,0.0,0.015,1.492,-2.911,2.94,0.01
SV Ingelmunster A,Michiel Hanssens,2,2,0,0,180,0,0,0,1,0,0,0,0,Speler,0.75,0.0,0.5,2,2,0,0,180,0,0,0,1,0,0,0,0,-0.021,0.042,0.042,2.621,-5.157,5.116,-0.01,0.237,1.411,-2.53,3.003,0.17
SV Ingelmunster A,Remco Kentie,6,4,2,1,401,1,0,0,0,0,0,0,0,Speler,0.73,0.224,0.0,5,4,1,1,356,1,0,0,0,0,0,0,0,0.956,0.603,0.603,2.504,-3.951,5.864,0.38,0.221,1.366,-2.457,2.898,0.16
SV Ingelmunster A,Rune Van Damme,1,0,0,0,0,0,0,0,0,0,0,0,0,Keeper,0.0,0.0,0.0,1,0,0,0,0,0,0,0,0,0,0,0,0,,,,,,,,,,,,
SV Ingelmunster A,Simon Vanmarcke,6,6,0,0,540,0,0,0,2,0,0,0,0,Speler,0.417,0.0,0.333,5,5,0,0,450,0,0,0,2,0,0,0,0,0.01,-0.001,-0.001,2.82,-5.517,5.537,0.0,0.015,1.492,-2.911,2.94,0.01
SV Ingelmunster A,Thiemen Vandeginste,2,0,0,0,0,0,0,0,0,0,0,0,0,Speler,0.0,0.0,0.0,1,0,0,0,0,0,0,0,0,0,0,0,0,,,,,,,,,,,,
SV Ingelmunster A,Tibo Vandendriessche,5,2,3,2,173,1,0,0,1,0,0,0,0,Speler,0.333,0.52,0.52,4,1,3,1,100,1,0,0,0,0,0,0,0,0.537,0.384,0.384,2.413,-4.193,5.267,0.22,-0.019,1.333,-2.632,2.595,-0.01
SV Ingelmunster A,Vedran Verheule,4,4,0,2,325,2,0,0,0,0,0,0,0,Speler,0.745,0.554,0.0,4,4,0,2,325,2,0,0,0,0,0,0,0,-0.022,-0.042,-0.042,2.52,-4.96,4.917,-0.01,0.689,1.367,-1.99,3.368,0.5
SV Ingelmunster A,Xander Vankeirsbilck,6,5,1,2,432,2,0,0,0,0,0,0,0,Speler,0.325,0.417,0.0,5,4,1,2,342,1,0,0,0,0,0,0,0,0.083,0.097,0.097,2.399,-4.619,4.785,0.03,-0.083,1.319,-2.668,2.502,-0.06
SV Ingelmunster A,Yoric Volckaert,5,5,0,0,450,1,0,0,0,0,0,0,5,Speler,0.5,0.2,0.0,4,4,0,0,360,1,0,0,0,0,0,0,4,0.596,0.358,0.358,2.62,-4.538,5.731,0.23,0.258,1.408,-2.501,3.016,0.18
