Team,Matches,Wins,Draws,Losses,Goals For,Goals Against,Goal Diff,Points,Avg GF,Avg GA,Current ELO,Last5 Points,ELO +/- L5,ELO opp H,ELO opp A,ELO opp total,ELO opp diff HA,ELO opp diff tot,Yellow cards F,Yellow cards A
K.S.C. Wielsbeke,5,4,1,0,11,3,8,13,2.2,0.6,1579.04,13,54.66,1494.84,1491.89,1493.42,2.95,-6.58,3,7
K. VC Ardooie A,5,4,0,1,11,5,6,12,2.2,1.0,1550.54,12,22.42,1501.62,1504.81,1503.28,-3.19,3.28,13,12
K.R.C. Waregem A,5,4,0,1,8,3,5,12,1.6,0.6,1546.53,12,31.53,1499.64,1506.76,1503.05,-7.12,3.05,5,6
K. RC Bissegem,5,4,0,1,7,4,3,12,1.4,0.8,1542.01,12,17.63,1497.64,1493.77,1495.78,3.88,-4.22,7,3
K. SV Veurne A,5,3,2,0,17,4,13,11,3.4,0.8,1568.85,11,68.85,1500.91,1503.85,1502.44,-2.94,2.44,5,8
S.V. Wevelgem City A,5,3,1,1,11,3,8,10,2.2,0.6,1548.11,10,21.86,1502.41,1506.01,1504.28,-3.61,4.28,7,6
KFC Aalbeke Sport A,5,2,3,0,9,6,3,9,1.8,1.2,1536.1,9,36.1,1505.55,1496.46,1501.19,9.08,1.19,7,3
K. FC Marke A,5,2,1,2,8,8,0,7,1.6,1.6,1494.05,7,18.43,1498.13,1503.33,1500.63,-5.2,0.63,7,8
K. FC Varsenare A,5,2,1,2,7,7,0,7,1.4,1.4,1497.87,7,-26.51,1496.37,1504.34,1500.52,-7.97,0.52,8,6
SV Ingelmunster A,5,2,0,3,8,7,1,6,1.6,1.4,1494.03,6,18.41,1497.03,1497.44,1497.22,-0.41,-2.78,5,5
K. Sassp. Boezinge A,5,1,2,2,7,6,1,5,1.4,1.2,1488.21,5,12.59,1500.58,1501.53,1501.07,-0.95,1.07,6,7
Club Roeselare,5,1,2,2,5,7,-2,5,1.0,1.4,1479.8,5,-20.2,1503.59,1492.68,1497.92,10.91,-2.08,7,1
K. FC Heist A,5,1,1,3,8,11,-3,4,1.6,2.2,1478.42,4,-21.58,1492.8,1493.89,1493.32,-1.08,-6.68,3,4
K. Eendr. Wervik A,5,0,0,5,2,13,-11,0,0.4,2.6,1409.6,0,-62.28,1504.33,1499.84,1501.99,4.5,1.99,9,5
FC Sp. Heestert A,5,0,0,5,1,15,-14,0,0.2,3.0,1392.9,0,-80.85,1499.47,1506.09,1502.91,-6.62,2.91,6,16
K. SK Beveren-Leie A,5,0,0,5,5,23,-18,0,1.0,4.6,1393.95,0,-91.05,1500.88,1501.08,1500.97,-0.2,0.97,3,4
